Name,Position,Salary,GameInfo,AvgPointsPerGame,teamAbbrev,fftoday,nfl,cbs,fleaflicker,espn,fox,fire,average,max,min,range,rel_range
Julio Jones,WR,9300,Atl@SF 04:05PM ET,26.525,Atl,28.0,30.5,29.1,26.8,20.78,19.23,21.513,25.1318571429,30.5,19.23,11.27,0.4484348266
Odell Beckham Jr.,WR,8800,NYG@TB 04:05PM ET,20.838,NYG,21.0,32.1,18.94,28.8,20.15,19.2,20.244,22.9191428571,32.1,18.94,13.16,0.574192502836
Tom Brady,QB,8500,Was@NE 01:00PM ET,29.057,NE,27.8,27.78,29.97,27.78,22.592,19.206,28.4122,26.2200285714,29.97,19.206,10.764,0.410525868447
Julian Edelman,WR,8200,Was@NE 01:00PM ET,21.671,NE,21.5,20.0,20.64,19.1,17.33,15.51,21.028,19.3011428571,21.5,15.51,5.99,0.310344317139
Antonio Brown,WR,8100,Oak@Pit 01:00PM ET,19.55,Pit,27.0,32.6,20.13,29.9,26.06,15.76,26.1744,25.3749142857,32.6,15.76,16.84,0.663647561934
Rob Gronkowski,TE,8000,Was@NE 01:00PM ET,22.657,NE,19.5,23.8,21.29,20.9,16.18,14.52,17.457,19.0924285714,23.8,14.52,9.28,0.486056551962
Devonta Freeman,RB,8000,Atl@SF 04:05PM ET,27.275,Atl,28.0,22.2,19.43,22.5,29.31,21.86,23.395,23.8135714286,29.31,19.43,9.88,0.41488946879
Dez Bryant,WR,7900,Phi@Dal 08:30PM ET,6.5,Dal,18.0,31.2,12.2,27.1,14.77,15.92,16.2066,19.3423714286,31.2,12.2,19.0,0.982299407814
Le'Veon Bell,RB,7800,Oak@Pit 01:00PM ET,20.033,Pit,,,,,,,,,,,,
Keenan Allen,WR,7700,Chi@SD 08:30PM ET,21.438,SD,,,,,,,,,,,,
Brandon Marshall,WR,7600,Jax@NYJ 01:00PM ET,22.229,NYJ,22.0,20.2,13.52,19.1,17.04,17.29,19.288,18.3482857143,22.0,13.52,8.48,0.462168517106
A.J. Green,WR,7600,Cle@Cin 08:25PM ET,20.129,Cin,21.5,31.0,18.19,27.1,17.55,14.34,20.529,21.4584285714,31.0,14.34,16.66,0.776384903701
Demaryius Thomas,WR,7500,Den@Ind 04:25PM ET,19.929,Den,22.0,29.4,19.15,26.2,20.67,17.18,18.61,21.8871428571,29.4,17.18,12.22,0.558318647608
Aaron Rodgers,QB,7400,GB@Car 01:00PM ET,20.546,GB,20.0,29.1,15.69,29.1,20.898,15.45,21.0494,21.6124857143,29.1,15.45,13.65,0.631579364838
Adrian Peterson,RB,7300,StL@Min 01:00PM ET,16.429,Min,21.0,22.5,14.18,24.7,13.99,16.78,14.963,18.3018571429,24.7,13.99,10.71,0.58518651503
Emmanuel Sanders,WR,7300,Den@Ind 04:25PM ET,16.986,Den,17.5,23.5,16.5,20.9,17.73,15.84,16.2,18.31,23.5,15.84,7.66,0.418350628072
Drew Brees,QB,7200,Ten@NO 01:00PM ET,23.149,NO,23.4,26.86,23.48,27.86,19.702,17.224,23.6084,23.1620571429,27.86,17.224,10.636,0.459199281584
Matt Ryan,QB,7100,Atl@SF 04:05PM ET,17.883,Atl,19.7,22.86,21.49,23.86,18.26,24.612,24.0656,22.1210857143,24.612,18.26,6.352,0.287146846319
Andrew Luck,QB,7000,Den@Ind 04:25PM ET,21.393,Ind,18.3,19.44,16.12,20.44,18.934,16.88,15.6148,17.9612571429,20.44,15.6148,4.8252,0.268644892817
Eli Manning,QB,6900,NYG@TB 04:05PM ET,19.855,NYG,18.7,17.34,18.46,18.34,19.078,23.94,19.7394,19.3710571429,23.94,17.34,6.6,0.340714497476
Philip Rivers,QB,6900,Chi@SD 08:30PM ET,24.415,SD,27.8,19.12,22.73,20.12,24.258,23.922,24.9108,23.2658285714,27.8,19.12,8.68,0.373079341376
Cam Newton,QB,6900,GB@Car 01:00PM ET,21.503,Car,21.1,18.38,19.22,19.38,20.422,16.938,20.3452,19.3978857143,21.1,16.938,4.162,0.21455946598
T.Y. Hilton,WR,6900,Den@Ind 04:25PM ET,15.138,Ind,5.0,18.7,5.97,18.2,,12.71,14.592,12.5286666667,18.7,5.0,13.7,1.09349225776
Todd Gurley,RB,6900,StL@Min 01:00PM ET,20.86,StL,23.5,17.6,14.49,17.1,16.01,15.37,18.211,17.4687142857,23.5,14.49,9.01,0.515779229807
Matt Forte,RB,6800,Chi@SD 08:30PM ET,17.671,Chi,,,,,,,,,,,,
Randall Cobb,WR,6800,GB@Car 01:00PM ET,14.7,GB,16.0,24.9,14.12,22.8,18.76,13.01,14.704,17.7562857143,24.9,13.01,11.89,0.669622025198
Mike Evans,WR,6800,NYG@TB 04:05PM ET,12.433,TB,21.0,25.0,15.02,22.5,16.83,19.56,14.758,19.2382857143,25.0,14.758,10.242,0.53237591707
Alshon Jeffery,WR,6700,Chi@SD 08:30PM ET,25.033,Chi,26.0,21.0,17.5,19.6,17.61,19.34,18.146,19.8851428571,26.0,17.5,8.5,0.42745481192
Amari Cooper,WR,6700,Oak@Pit 01:00PM ET,17.271,Oak,20.5,29.2,14.18,27.1,13.99,13.08,15.231,19.0401428571,29.2,13.08,16.12,0.846632303179
Tony Romo,QB,6600,Phi@Dal 08:30PM ET,17.57,Dal,,,,,,,,,,,,
Ben Roethlisberger,QB,6600,Oak@Pit 01:00PM ET,18.465,Pit,19.7,18.68,17.64,19.68,23.16,22.414,20.6694,20.2776285714,23.16,17.64,5.52,0.272221181119
Greg Olsen,TE,6500,GB@Car 01:00PM ET,16.4,Car,20.0,18.6,13.48,17.3,15.16,9.29,13.107,15.2767142857,20.0,9.29,10.71,0.701066983364
Mark Ingram,RB,6500,Ten@NO 01:00PM ET,18.175,NO,24.5,12.9,16.98,14.2,16.71,19.89,17.284,17.4948571429,24.5,12.9,11.6,0.663051998955
DeMarco Murray,RB,6400,Phi@Dal 08:30PM ET,15.65,Phi,20.0,15.0,15.57,15.6,16.27,11.65,14.0312,15.4458857143,20.0,11.65,8.35,0.540597033699
Dion Lewis,RB,6400,Was@NE 01:00PM ET,18.65,NE,21.0,16.4,18.86,18.7,15.21,13.69,15.3394,17.0284857143,21.0,13.69,7.31,0.429280684299
Jordan Matthews,WR,6400,Phi@Dal 08:30PM ET,12.4,Phi,15.5,12.2,12.87,11.1,12.74,13.3,12.7546,12.9235142857,15.5,11.1,4.4,0.340464667947
Allen Robinson,WR,6400,Jax@NYJ 01:00PM ET,18.8,Jax,9.5,18.0,13.2,17.0,11.87,12.48,14.514,13.7948571429,18.0,9.5,8.5,0.616171658175
Peyton Manning,QB,6300,Den@Ind 04:25PM ET,13.88,Den,18.0,17.26,17.1,18.26,21.016,18.598,18.5016,18.3908,21.016,17.1,3.916,0.212932553233
Jarvis Landry,WR,6300,Mia@Buf 01:00PM ET,17.9,Mia,20.0,16.8,11.67,16.5,15.02,12.99,17.659,15.8055714286,20.0,11.67,8.33,0.527029347698
Andy Dalton,QB,6200,Cle@Cin 08:25PM ET,23.054,Cin,19.0,17.32,19.99,18.32,19.204,15.93,21.1398,18.7005428571,21.1398,15.93,5.2098,0.278590843047
Eddie Lacy,RB,6100,GB@Car 01:00PM ET,8.714,GB,7.0,20.7,13.14,20.0,12.89,13.08,15.3248,14.5906857143,20.7,7.0,13.7,0.938955184717
Latavius Murray,RB,6000,Oak@Pit 01:00PM ET,15.271,Oak,18.0,13.1,12.77,12.3,11.77,14.54,13.749,13.747,18.0,11.77,6.23,0.453189786863
Sam Bradford,QB,5900,Phi@Dal 08:30PM ET,14.977,Phi,17.1,9.36,17.34,10.36,15.41,18.3,15.3956,14.7522285714,18.3,9.36,8.94,0.606010133094
Chris Ivory,RB,5900,Jax@NYJ 01:00PM ET,18.1,NYJ,16.0,16.1,13.2,15.9,16.22,16.64,17.018,15.8682857143,17.018,13.2,3.818,0.240605700499
Brandin Cooks,WR,5800,Ten@NO 01:00PM ET,14.363,NO,21.5,18.8,14.51,18.8,13.08,12.07,10.044,15.5434285714,21.5,10.044,11.456,0.737031726775
DeSean Jackson,WR,5700,Was@NE 01:00PM ET,0.0,Was,18.0,8.7,7.05,7.4,12.69,13.38,14.4968,11.6738285714,18.0,7.05,10.95,0.937995614121
Ryan Tannehill,QB,5700,Mia@Buf 01:00PM ET,18.774,Mia,18.6,18.12,13.72,19.12,17.098,16.352,12.4308,16.4915428571,19.12,12.4308,6.6892,0.405613959709
Doug Martin,RB,5700,NYG@TB 04:05PM ET,17.4,TB,18.0,13.6,13.63,13.7,15.51,14.43,16.139,15.0012857143,18.0,13.6,4.4,0.293308192631
James Jones,WR,5600,GB@Car 01:00PM ET,14.8,GB,15.0,18.8,10.62,17.4,11.06,12.63,10.403,13.7018571429,18.8,10.403,8.397,0.612836633199
DeAngelo Williams,RB,5500,Oak@Pit 01:00PM ET,8.588,Pit,18.5,7.2,13.1,7.6,16.14,14.43,16.281,13.3215714286,18.5,7.2,11.3,0.848248276158
LeSean McCoy,RB,5500,Mia@Buf 01:00PM ET,13.34,Buf,17.0,14.5,13.45,14.3,15.6,15.09,16.308,15.1782857143,17.0,13.45,3.55,0.233886755515
Derek Carr,QB,5500,Oak@Pit 01:00PM ET,19.817,Oak,18.1,17.86,15.76,18.86,16.942,22.422,18.626,18.3671428571,22.422,15.76,6.662,0.362712919032
Martavis Bryant,WR,5500,Oak@Pit 01:00PM ET,19.733,Pit,18.5,18.9,12.1,17.6,13.75,13.38,10.944,15.0248571429,18.9,10.944,7.956,0.529522505562
Tyler Eifert,TE,5400,Cle@Cin 08:25PM ET,15.586,Cin,16.0,20.8,15.01,19.4,10.37,9.84,13.664,15.012,20.8,9.84,10.96,0.730082600586
Blake Bortles,QB,5400,Jax@NYJ 01:00PM ET,20.726,Jax,18.9,18.2,13.76,19.2,16.544,16.716,13.6738,16.7134,19.2,13.6738,5.5262,0.33064487178
Donte Moncrief,WR,5400,Den@Ind 04:25PM ET,13.613,Ind,15.0,15.3,9.78,14.8,13.05,10.65,11.605,12.8835714286,15.3,9.78,5.52,0.428452625159
Eric Decker,WR,5300,Jax@NYJ 01:00PM ET,16.383,NYJ,19.0,21.6,14.18,19.8,14.0,13.07,14.058,16.5297142857,21.6,13.07,8.53,0.516040377502
Tyrod Taylor,QB,5300,Mia@Buf 01:00PM ET,21.596,Buf,16.5,12.16,20.52,13.16,17.886,17.788,18.3774,16.6273428571,20.52,12.16,8.36,0.502786288334
Allen Hurns,WR,5300,Jax@NYJ 01:00PM ET,16.757,Jax,18.0,18.6,10.64,17.3,13.37,12.89,10.091,14.413,18.6,10.091,8.509,0.590369805037
Marcus Mariota,QB,5300,Ten@NO 01:00PM ET,17.352,Ten,17.6,19.34,14.91,20.34,18.13,16.138,17.9652,17.7747428571,20.34,14.91,5.43,0.305489651448
Stefon Diggs,WR,5300,StL@Min 01:00PM ET,21.45,Min,22.0,20.6,12.98,19.3,12.7,10.95,14.435,16.1378571429,22.0,10.95,11.05,0.684725357412
Jay Cutler,QB,5200,Chi@SD 08:30PM ET,17.497,Chi,19.0,16.98,16.94,17.98,15.756,19.88,17.1092,17.6636,19.88,15.756,4.124,0.233474489911
Ryan Fitzpatrick,QB,5200,Jax@NYJ 01:00PM ET,16.446,NYJ,19.0,7.16,18.52,8.16,17.574,17.58,17.784,15.1111428571,19.0,7.16,11.84,0.783527765698
Jason Witten,TE,5200,Phi@Dal 08:30PM ET,12.143,Dal,8.5,18.0,10.12,17.0,9.82,13.92,9.727,12.441,18.0,8.5,9.5,0.76360421188
Travis Benjamin,WR,5200,Cle@Cin 08:25PM ET,16.513,Cle,13.5,17.0,8.54,15.6,12.1,11.22,13.997,13.1367142857,17.0,8.54,8.46,0.643996650608
Jeremy Hill,RB,5200,Cle@Cin 08:25PM ET,10.386,Cin,14.5,13.1,14.39,12.4,15.0,12.72,13.277,13.6267142857,15.0,12.4,2.6,0.190801681571
Jameis Winston,QB,5200,NYG@TB 04:05PM ET,17.289,TB,14.3,14.48,15.89,16.48,16.91,19.964,18.1308,16.5935428571,19.964,14.3,5.664,0.341337594314
Nick Foles,QB,5100,StL@Min 01:00PM ET,11.886,StL,11.4,18.34,11.84,19.34,11.44,14.664,10.9864,14.0014857143,19.34,10.9864,8.3536,0.596622399256
Kirk Cousins,QB,5100,Was@NE 01:00PM ET,16.883,Was,17.6,10.28,12.58,11.28,15.382,14.384,15.7376,13.8919428571,17.6,10.28,7.32,0.52692413691
Kendall Wright,WR,5100,Ten@NO 01:00PM ET,12.2,Ten,,,,,,,,,,,,
EJ Manuel,QB,5100,Mia@Buf 01:00PM ET,10.56,Buf,,,,,,,,,,,,
Zach Mettenberger,QB,5100,Ten@NO 01:00PM ET,4.185,Ten,,,,,,,,,,,,
Geno Smith,QB,5100,Jax@NYJ 01:00PM ET,21.0,NYJ,,12.48,,13.48,,,1.2352,9.06506666667,13.48,1.2352,12.2448,1.35076778255
Teddy Bridgewater,QB,5100,StL@Min 01:00PM ET,13.52,Min,13.2,17.3,14.72,18.3,12.686,17.104,12.057,15.0524285714,18.3,12.057,6.243,0.414750348781
Matt Hasselbeck,QB,5000,Den@Ind 04:25PM ET,15.8,Ind,,,,,,,,,,,,
Mike Vick,QB,5000,Oak@Pit 01:00PM ET,6.348,Pit,,,,,,,,,,,,
Josh McCown,QB,5000,Cle@Cin 08:25PM ET,19.64,Cle,,,,,,,,,,,,
Matt Cassel,QB,5000,Phi@Dal 08:30PM ET,6.22,Dal,11.6,16.72,12.09,15.72,13.312,16.952,10.4206,13.8306571429,16.952,10.4206,6.5314,0.472240757076
Charlie Whitehurst,QB,5000,Ten@NO 01:00PM ET,0.0,Ten,,,,,,,,,,,,
Derek Anderson,QB,5000,GB@Car 01:00PM ET,0.0,Car,,,,,,,,,,,,
Kellen Clemens,QB,5000,Chi@SD 08:30PM ET,6.52,SD,,,,,,,,,,,,
Shaun Hill,QB,5000,StL@Min 01:00PM ET,0.0,Min,,,,,,,,,,,,
Matt Moore,QB,5000,Mia@Buf 01:00PM ET,0.36,Mia,,,,,,,,,,,,
Luke McCown,QB,5000,Ten@NO 01:00PM ET,1.925,NO,,,,,,,,,,,,
Chad Henne,QB,5000,Jax@NYJ 01:00PM ET,0.0,Jax,,,,,,,,,,,,
Josh Johnson,QB,5000,Mia@Buf 01:00PM ET,0.0,Buf,,,,,,,,,,,,
Joe Webb,QB,5000,GB@Car 01:00PM ET,0.0,Car,,,,,,,,,,,,
Mark Sanchez,QB,5000,Phi@Dal 08:30PM ET,0.0,Phi,,,,,,,,,,,,
Colt McCoy,QB,5000,Was@NE 01:00PM ET,0.0,Was,,1.66,,1.66,,,,1.66,1.66,1.66,0.0,0.0
Colin Kaepernick,QB,5000,Atl@SF 04:05PM ET,15.275,SF,,,,,,,1.7962,1.7962,1.7962,1.7962,0.0,0.0
Scott Tolzien,QB,5000,GB@Car 01:00PM ET,0.0,GB,,,,,,,,,,,,
Thaddeus Lewis,QB,5000,Phi@Dal 08:30PM ET,0.0,Phi,,,,,,,,,,,,
Case Keenum,QB,5000,StL@Min 01:00PM ET,0.0,StL,,,,,,,1.0194,1.0194,1.0194,1.0194,0.0,0.0
Jimmy Clausen,QB,5000,Chi@SD 08:30PM ET,3.58,Chi,,,,,,,,,,,,
Kellen Moore,QB,5000,Phi@Dal 08:30PM ET,0.0,Dal,,,,,,,,,,,,
Brandon Weeden,QB,5000,Phi@Dal 08:30PM ET,9.63,Dal,,,,,,,,,,,,
Pierre Garcon,WR,5000,Was@NE 01:00PM ET,12.857,Was,10.5,17.4,11.91,16.7,13.07,10.65,9.744,12.8534285714,17.4,9.744,7.656,0.59563874008
Austin Davis,QB,5000,Cle@Cin 08:25PM ET,0.0,Cle,,,,,,,,,,,,
Landry Jones,QB,5000,Oak@Pit 01:00PM ET,11.89,Pit,,,,,,,,,,,,
Robert Griffin III,QB,5000,Was@NE 01:00PM ET,0.0,Was,,,,,,,,,,,,
Blaine Gabbert,QB,5000,Atl@SF 04:05PM ET,0.0,SF,11.6,18.48,13.11,20.48,14.018,13.562,11.4896,14.6770857143,20.48,11.4896,8.9904,0.612546671391
Sean Renfree,QB,5000,Atl@SF 04:05PM ET,-0.4,Atl,,,,,,,,,,,,
Mike Glennon,QB,5000,NYG@TB 04:05PM ET,0.0,TB,,,,,,,,,,,,
Ryan Nassib,QB,5000,NYG@TB 04:05PM ET,0.0,NYG,,,,,,,,,,,,
Ryan Griffin,QB,5000,NYG@TB 04:05PM ET,0.0,TB,,,,,,,,,,,,
Matt McGloin,QB,5000,Oak@Pit 01:00PM ET,11.68,Oak,,,,,,,,,,,,
Brock Osweiler,QB,5000,Den@Ind 04:25PM ET,0.0,Den,,,,,,,,,,,,
Bryce Petty,QB,5000,Jax@NYJ 01:00PM ET,0.0,NYJ,,,,,,,,,,,,
AJ McCarron,QB,5000,Cle@Cin 08:25PM ET,0.0,Cin,,,,,,,,,,,,
Lamar Miller,RB,5000,Mia@Buf 01:00PM ET,15.8,Mia,19.5,13.4,13.5,14.3,14.13,15.89,16.276,15.2851428571,19.5,13.4,6.1,0.399080339452
Garrett Grayson,QB,5000,Ten@NO 01:00PM ET,0.0,NO,,,,,,,,,,,,
Trevor Siemian,QB,5000,Den@Ind 04:25PM ET,0.0,Den,,,,,,,,,,,,
Jimmy Garoppolo,QB,5000,Was@NE 01:00PM ET,-0.133,NE,,,,,,,,,,,,
Tyler Murphy,QB,5000,Oak@Pit 01:00PM ET,1.3,Pit,,,,,,,,,,,,
Sean Mannion,QB,5000,StL@Min 01:00PM ET,0.0,StL,,,,,,,,,,,,
Brett Hundley,QB,5000,GB@Car 01:00PM ET,0.0,GB,,,,,,,,,,,,
Johnny Manziel,QB,5000,Cle@Cin 08:25PM ET,7.23,Cle,14.2,,12.83,,16.932,12.258,16.0678,14.45756,16.932,12.258,4.674,0.323291067096
Taylor Heinicke,QB,5000,StL@Min 01:00PM ET,0.0,Min,,,,,,,,,,,,
Sammy Watkins,WR,5000,Mia@Buf 01:00PM ET,9.425,Buf,10.5,15.8,9.34,15.0,12.92,13.12,14.79,13.0671428571,15.8,9.34,6.46,0.494369738712
Martellus Bennett,TE,4900,Chi@SD 08:30PM ET,11.629,Chi,18.0,19.2,12.41,18.6,12.19,11.53,11.671,14.8001428571,19.2,11.53,7.67,0.518238240944
Michael Crabtree,WR,4900,Oak@Pit 01:00PM ET,16.043,Oak,18.5,16.6,12.01,15.3,15.74,15.16,12.009,15.0455714286,18.5,12.009,6.491,0.431422630295
Frank Gore,RB,4800,Den@Ind 04:25PM ET,12.275,Ind,10.0,11.9,10.25,12.0,13.18,11.52,12.579,11.6327142857,13.18,10.0,3.18,0.273366982279
Gary Barnidge,TE,4800,Cle@Cin 08:25PM ET,17.713,Cle,18.0,19.0,10.8,19.5,12.21,10.06,15.007,14.9395714286,19.5,10.06,9.44,0.631878902627
Danny Woodhead,RB,4800,Chi@SD 08:30PM ET,15.875,SD,13.0,20.1,14.58,18.3,13.94,13.4,13.105,15.2035714286,20.1,13.0,7.1,0.466995536763
LeGarrette Blount,RB,4800,Was@NE 01:00PM ET,11.25,NE,13.0,11.3,14.57,12.1,12.43,12.88,11.829,12.587,14.57,11.3,3.27,0.259791848733
Tavon Austin,WR,4800,StL@Min 01:00PM ET,15.371,StL,16.0,7.9,7.47,8.2,10.54,8.85,11.5096,10.0670857143,16.0,7.47,8.53,0.847315721957
Giovani Bernard,RB,4800,Cle@Cin 08:25PM ET,13.286,Cin,9.0,17.0,12.56,17.2,13.15,17.42,13.5,14.2614285714,17.42,9.0,8.42,0.590403686267
Willie Snead,WR,4800,Ten@NO 01:00PM ET,13.513,NO,19.0,12.4,12.85,10.2,11.74,9.29,11.123,12.3718571429,19.0,9.29,9.71,0.784845790562
T.J. Yeldon,RB,4800,Jax@NYJ 01:00PM ET,13.8,Jax,10.5,15.4,11.12,15.9,10.91,11.48,11.989,12.4712857143,15.9,10.5,5.4,0.432994650569
Vincent Jackson,WR,4700,NYG@TB 04:05PM ET,11.65,TB,,,,,,,,,,,,
Antonio Gates,TE,4700,Chi@SD 08:30PM ET,19.433,SD,20.0,14.4,13.79,14.2,13.77,13.68,16.424,15.1805714286,20.0,13.68,6.32,0.416321614093
Ronnie Hillman,RB,4600,Den@Ind 04:25PM ET,10.929,Den,16.0,15.9,12.54,15.5,13.07,15.3,11.636,14.278,16.0,11.636,4.364,0.305645048326
Jordan Reed,TE,4500,Was@NE 01:00PM ET,17.4,Was,17.0,16.8,12.06,16.4,12.83,10.68,11.349,13.8741428571,17.0,10.68,6.32,0.455523635952
Rishard Matthews,WR,4500,Mia@Buf 01:00PM ET,16.143,Mia,18.5,15.0,8.9,14.5,11.94,11.82,9.184,12.8348571429,18.5,8.9,9.6,0.747963136103
Shane Vereen,RB,4400,NYG@TB 04:05PM ET,10.75,NYG,10.0,14.0,11.09,14.2,9.41,8.46,7.109,10.6098571429,14.2,7.109,7.091,0.668340761287
Darren McFadden,RB,4300,Phi@Dal 08:30PM ET,12.229,Dal,19.0,14.1,11.55,13.4,16.94,19.04,15.896,15.7037142857,19.04,11.55,7.49,0.47695722577
Jonathan Stewart,RB,4300,GB@Car 01:00PM ET,11.514,Car,15.0,8.9,11.44,9.6,12.96,15.95,15.169,12.717,15.95,8.9,7.05,0.554376032083
Marvin Jones,WR,4300,Cle@Cin 08:25PM ET,11.2,Cin,8.0,17.6,10.41,15.8,10.39,9.72,8.682,11.5145714286,17.6,8.0,9.6,0.833726210268
Anquan Boldin,WR,4200,Atl@SF 04:05PM ET,12.314,SF,,17.8,,16.9,,14.97,11.95,15.405,17.8,11.95,5.85,0.379746835443
Delanie Walker,TE,4200,Ten@NO 01:00PM ET,12.85,Ten,18.5,19.2,8.22,17.6,12.11,9.63,11.98,13.8914285714,19.2,8.22,10.98,0.790415466886
James Starks,RB,4200,GB@Car 01:00PM ET,9.271,GB,6.0,2.4,7.2,2.9,7.11,5.05,6.644,5.32914285714,7.2,2.4,4.8,0.900707698906
Charles Clay,TE,4200,Mia@Buf 01:00PM ET,12.0,Buf,14.5,13.8,9.47,14.9,9.78,10.92,10.018,11.9125714286,14.9,9.47,5.43,0.455820981436
Carlos Hyde,RB,4200,Atl@SF 04:05PM ET,12.043,SF,,,,,,,,,,,,
Julius Thomas,TE,4200,Jax@NYJ 01:00PM ET,8.733,Jax,16.5,15.8,9.37,15.9,10.43,6.78,10.687,12.2095714286,16.5,6.78,9.72,0.796096739092
Mike Wallace,WR,4100,StL@Min 01:00PM ET,8.743,Min,7.0,19.6,10.04,17.9,8.71,13.32,7.028,11.9425714286,19.6,7.0,12.6,1.05504916386
Terrance Williams,WR,4100,Phi@Dal 08:30PM ET,9.043,Dal,8.0,7.6,9.14,6.8,7.82,12.07,7.597,8.43242857143,12.07,6.8,5.27,0.624968234876
Rueben Randle,WR,4100,NYG@TB 04:05PM ET,10.55,NYG,9.0,16.0,10.73,15.0,11.11,13.43,10.451,12.2458571429,16.0,9.0,7.0,0.571621889619
C.J. Anderson,RB,4100,Den@Ind 04:25PM ET,8.8,Den,7.5,5.0,9.58,5.1,9.14,11.16,5.006,7.498,11.16,5.0,6.16,0.821552413977
Andre Johnson,WR,4000,Den@Ind 04:25PM ET,8.85,Ind,7.5,4.8,8.74,4.4,10.84,9.64,4.724,7.23485714286,10.84,4.4,6.44,0.890135060422
Benjamin Watson,TE,4000,Ten@NO 01:00PM ET,13.525,NO,,3.2,9.03,3.6,9.92,10.77,12.981,8.25016666667,12.981,3.2,9.781,1.18555180703
Victor Cruz,WR,4000,NYG@TB 04:05PM ET,0.0,NYG,,,,,,,,,,,,
Danny Amendola,WR,4000,Was@NE 01:00PM ET,10.186,NE,4.5,7.6,9.57,7.8,5.59,9.52,6.864,7.34914285714,9.57,4.5,5.07,0.689876370422
Joseph Randle,RB,4000,Phi@Dal 08:30PM ET,12.35,Dal,,,,,,,,,,,,
Jeremy Langford,RB,4000,Chi@SD 08:30PM ET,3.586,Chi,19.5,16.6,14.98,16.8,15.35,16.77,14.348,16.3354285714,19.5,14.348,5.152,0.315388113478
Marquess Wilson,WR,4000,Chi@SD 08:30PM ET,7.743,Chi,6.5,4.2,8.69,4.1,7.78,12.55,8.492,7.47314285714,12.55,4.1,8.45,1.13071570577
Karlos Williams,RB,4000,Mia@Buf 01:00PM ET,14.8,Buf,4.5,1.4,10.38,1.3,6.56,6.03,6.648,5.25971428571,10.38,1.3,9.08,1.72632951274
Melvin Gordon,RB,4000,Chi@SD 08:30PM ET,7.813,SD,13.5,4.2,10.98,4.7,11.59,16.32,11.992,10.4688571429,16.32,4.2,12.12,1.15771949456
Duke Johnson Jr.,RB,4000,Cle@Cin 08:25PM ET,11.25,Cle,10.0,15.2,10.19,15.2,11.04,8.36,9.024,11.2877142857,15.2,8.36,6.84,0.605968562533
Mike Davis,RB,4000,Atl@SF 04:05PM ET,1.94,SF,,,,,,,,,,,,
Roddy White,WR,3900,Atl@SF 04:05PM ET,5.375,Atl,6.5,4.2,10.83,4.1,7.5,11.54,4.954,7.08914285714,11.54,4.1,7.44,1.0494921812
Malcom Floyd,WR,3900,Chi@SD 08:30PM ET,9.988,SD,20.0,15.0,8.78,12.5,12.1,17.64,11.251,13.8958571429,20.0,8.78,11.22,0.807434898377
Rashad Jennings,RB,3900,NYG@TB 04:05PM ET,9.363,NYG,8.5,3.7,9.89,4.0,7.8,12.85,9.423,8.02328571429,12.85,3.7,9.15,1.14043053256
Torrey Smith,WR,3900,Atl@SF 04:05PM ET,8.4,SF,7.0,6.2,9.47,5.1,8.79,11.55,7.278,7.91257142857,11.55,5.1,6.45,0.815158518091
Davante Adams,WR,3900,GB@Car 01:00PM ET,5.0,GB,7.5,14.8,7.56,14.4,11.95,8.85,6.405,10.2092857143,14.8,6.405,8.395,0.822290631778
Darren Sproles,RB,3800,Phi@Dal 08:30PM ET,8.886,Phi,5.0,11.1,9.78,12.1,8.76,8.22,6.037,8.71385714286,12.1,5.0,7.1,0.814794170205
Dwayne Harris,WR,3800,NYG@TB 04:05PM ET,8.15,NYG,6.5,2.8,6.52,2.4,8.35,12.66,4.417,6.23528571429,12.66,2.4,10.26,1.64547391573
Percy Harvin,WR,3700,Mia@Buf 01:00PM ET,9.98,Buf,,,,,,,,,,,,
Ryan Mathews,RB,3700,Phi@Dal 08:30PM ET,11.557,Phi,4.5,9.0,11.38,8.4,7.69,6.34,7.054,7.76628571429,11.38,4.5,6.88,0.885880362004
Jamison Crowder,WR,3700,Was@NE 01:00PM ET,9.057,Was,6.0,10.5,6.72,10.4,7.99,8.73,9.1,8.49142857143,10.5,6.0,4.5,0.529946164199
Kenny Britt,WR,3600,StL@Min 01:00PM ET,6.2,StL,7.0,7.1,6.92,5.6,5.27,11.9,7.146,7.27657142857,11.9,5.27,6.63,0.911143395634
Leonard Hankerson,WR,3600,Atl@SF 04:05PM ET,9.443,Atl,,,,,,,,,,,,
Charles Sims,RB,3600,NYG@TB 04:05PM ET,10.571,TB,9.5,7.3,10.48,7.6,10.33,4.74,9.01,8.42285714286,10.48,4.74,5.74,0.681478968792
Antonio Andrews,RB,3600,Ten@NO 01:00PM ET,9.58,Ten,12.5,12.7,12.55,13.3,11.82,8.73,12.8976,12.0710857143,13.3,8.73,4.57,0.378590634527
Tevin Coleman,RB,3600,Atl@SF 04:05PM ET,4.167,Atl,4.0,2.2,5.0,3.0,3.6,4.01,3.269,3.58271428571,5.0,2.2,2.8,0.78153036405
Rams ,DST,3500,StL@Min 01:00PM ET,12.143,StL,10.7,10.7,10.7,10.7,10.7,10.7,10.7,10.7,10.7,10.7,0.0,0.0
Eddie Royal,WR,3500,Chi@SD 08:30PM ET,8.167,Chi,,,,,,,,,,,,
Ted Ginn Jr.,WR,3500,GB@Car 01:00PM ET,10.943,Car,15.5,9.0,11.26,7.5,10.3,6.82,10.611,10.1415714286,15.5,6.82,8.68,0.855883140116
Robert Woods,WR,3500,Mia@Buf 01:00PM ET,9.5,Buf,6.5,7.2,7.9,7.6,9.86,11.98,8.113,8.45042857143,11.98,6.5,5.48,0.648487819722
Nelson Agholor,WR,3500,Phi@Dal 08:30PM ET,3.5,Phi,6.5,4.8,6.62,4.4,7.45,5.93,4.7704,5.78148571429,7.45,4.4,3.05,0.527546058354
Falcons ,DST,3400,Atl@SF 04:05PM ET,7.0,Atl,8.3,8.3,8.3,8.3,8.3,8.3,8.3,8.3,8.3,8.3,0.0,0.0
Marques Colston,WR,3400,Ten@NO 01:00PM ET,9.914,NO,6.0,17.4,9.61,16.7,9.47,12.61,6.06,11.1214285714,17.4,6.0,11.4,1.02504816956
Dexter McCluster,RB,3400,Ten@NO 01:00PM ET,8.429,Ten,11.0,9.0,7.81,10.3,9.4,7.48,7.611,8.943,11.0,7.48,3.52,0.393603936039
Orleans Darkwa,RB,3400,NYG@TB 04:05PM ET,1.638,NYG,2.5,1.7,5.18,1.6,4.48,0.36,4.964,2.96914285714,5.18,0.36,4.82,1.62336412625
Chris Hogan,WR,3400,Mia@Buf 01:00PM ET,7.951,Buf,6.5,2.8,5.86,2.4,6.04,7.29,4.208,5.014,7.29,2.4,4.89,0.975269246111
Isaiah Crowell,RB,3400,Cle@Cin 08:25PM ET,8.113,Cle,5.5,6.6,7.85,6.8,7.19,5.74,7.965,6.80642857143,7.965,5.5,2.465,0.362157624095
Patriots ,DST,3300,Was@NE 01:00PM ET,8.714,NE,7.7,7.7,7.7,7.7,7.7,7.7,7.7,7.7,7.7,7.7,0.0,0.0
Marcus Easley,WR,3300,Mia@Buf 01:00PM ET,2.133,Buf,,,1.28,,,1.3,,1.29,1.3,1.28,0.02,0.015503875969
Alfred Morris,RB,3300,Was@NE 01:00PM ET,6.014,Was,3.5,5.2,7.67,5.7,5.4,3.69,6.505,5.38071428571,7.67,3.5,4.17,0.774990043807
Jordan Cameron,TE,3300,Mia@Buf 01:00PM ET,7.243,Mia,8.0,10.2,5.84,10.1,9.67,9.76,8.877,8.921,10.2,5.84,4.36,0.488734446811
Ladarius Green,TE,3300,Chi@SD 08:30PM ET,12.343,SD,,14.6,4.19,14.3,,,,11.03,14.6,4.19,10.41,0.943789664551
Chris Thompson,RB,3300,Was@NE 01:00PM ET,9.333,Was,7.5,3.1,7.64,4.0,9.85,6.22,7.903,6.60185714286,9.85,3.1,6.75,1.02243957328
Tre Mason,RB,3300,StL@Min 01:00PM ET,3.2,StL,2.0,4.1,2.7,4.4,3.32,2.74,5.218,3.49685714286,5.218,2.0,3.218,0.920254922788
Ty Montgomery,WR,3300,GB@Car 01:00PM ET,7.0,GB,,7.4,6.25,6.7,,3.43,,5.945,7.4,3.43,3.97,0.667788057191
Jeff Janis,WR,3300,GB@Car 01:00PM ET,1.414,GB,,1.8,4.78,1.9,,0.2,,2.17,4.78,0.2,4.58,2.11059907834
Bengals ,DST,3200,Cle@Cin 08:25PM ET,7.857,Cin,7.5,7.5,7.5,7.5,7.5,7.5,7.5,7.5,7.5,7.5,0.0,0.0
Packers ,DST,3200,GB@Car 01:00PM ET,9.286,GB,9.9,9.9,9.9,9.9,9.9,9.9,9.9,9.9,9.9,9.9,0.0,0.0
Panthers ,DST,3200,GB@Car 01:00PM ET,10.0,Car,4.6,4.6,4.6,4.6,4.6,4.6,4.6,4.6,4.6,4.6,0.0,0.0
Brandon LaFell,WR,3200,Was@NE 01:00PM ET,6.6,NE,9.0,17.4,12.18,16.8,12.47,11.95,11.669,13.067,17.4,9.0,8.4,0.642840743859
Toby Gerhart,RB,3200,Jax@NYJ 01:00PM ET,1.94,Jax,,3.4,2.73,3.6,2.38,2.11,,2.844,3.6,2.11,1.49,0.523909985935
Stevie Johnson,WR,3200,Chi@SD 08:30PM ET,10.717,SD,19.5,12.2,10.37,12.1,13.56,11.8,15.146,13.5251428571,19.5,10.37,9.13,0.675039080654
Stevan Ridley,RB,3200,Jax@NYJ 01:00PM ET,0.0,NYJ,,3.9,3.7,4.5,,,5.2948,4.3487,5.2948,3.7,1.5948,0.366730287212
Taiwan Jones,RB,3200,Oak@Pit 01:00PM ET,5.5,Oak,3.5,,5.25,,3.81,1.61,3.005,3.435,5.25,1.61,3.64,1.0596797671
Mohamed Sanu,WR,3200,Cle@Cin 08:25PM ET,6.629,Cin,6.0,9.1,6.67,8.7,7.03,6.03,7.189,7.24557142857,9.1,6.0,3.1,0.427847552199
Zach Ertz,TE,3200,Phi@Dal 08:30PM ET,7.286,Phi,13.5,10.6,6.9,10.3,10.72,10.15,9.126,10.1851428571,13.5,6.9,6.6,0.648002692998
Josh Huff,WR,3200,Phi@Dal 08:30PM ET,5.517,Phi,2.0,6.6,4.19,6.3,1.74,2.76,4.648,4.034,6.6,1.74,4.86,1.20475954388
Bishop Sankey,RB,3200,Ten@NO 01:00PM ET,6.029,Ten,,1.8,5.67,2.5,1.97,1.01,2.4,2.55833333333,5.67,1.01,4.66,1.82149837134
Matt Jones,RB,3200,Was@NE 01:00PM ET,9.517,Was,6.0,11.1,6.95,13.2,7.27,5.71,7.1914,8.20305714286,13.2,5.71,7.49,0.913074219716
Vikings ,DST,3100,StL@Min 01:00PM ET,8.429,Min,7.8,7.8,7.8,7.8,7.8,7.8,7.8,7.8,7.8,7.8,0.0,0.0
Jets ,DST,3100,Jax@NYJ 01:00PM ET,7.0,NYJ,10.3,10.3,10.3,10.3,10.3,10.3,10.3,10.3,10.3,10.3,0.0,0.0
C.J. Spiller,RB,3100,Ten@NO 01:00PM ET,8.914,NO,7.5,15.5,12.62,15.1,11.53,6.61,5.2714,10.5902,15.5,5.2714,10.2286,0.965855224642
Dorial Green-Beckham,WR,3100,Ten@NO 01:00PM ET,4.2,Ten,4.5,5.8,7.59,4.9,7.73,7.48,6.558,6.36542857143,7.73,4.5,3.23,0.507428520131
Broncos ,DST,3000,Den@Ind 04:25PM ET,16.0,Den,11.3,11.3,11.3,11.3,11.3,11.3,11.3,11.3,11.3,11.3,0.0,0.0
Greg Jennings,WR,3000,Mia@Buf 01:00PM ET,2.914,Mia,2.5,6.6,2.7,7.3,2.77,4.07,2.571,4.073,7.3,2.5,4.8,1.17849251166
Reggie Bush,RB,3000,Atl@SF 04:05PM ET,1.74,SF,,,,,,,,,,,,
Miles Austin,WR,3000,Phi@Dal 08:30PM ET,5.071,Phi,2.5,3.0,5.09,2.5,1.45,0.35,2.785,2.525,5.09,0.35,4.74,1.87722772277
Andre Caldwell,WR,3000,Den@Ind 04:25PM ET,1.586,Den,4.5,5.8,3.13,4.9,2.29,1.94,3.392,3.70742857143,5.8,1.94,3.86,1.04115289766
Jacob Tamme,TE,3000,Atl@SF 04:05PM ET,11.129,Atl,8.0,15.4,8.0,14.7,10.05,12.0,9.132,11.0402857143,15.4,8.0,7.4,0.670272508475
Dwayne Bowe,WR,3000,Cle@Cin 08:25PM ET,0.0,Cle,4.0,1.4,,1.7,5.47,1.09,1.939,2.59983333333,5.47,1.09,4.38,1.6847233797
Tyler Clutts,RB,3000,Phi@Dal 08:30PM ET,0.2,Dal,,,1.62,,,0.01,,0.815,1.62,0.01,1.61,1.9754601227
Harry Douglas,WR,3000,Ten@NO 01:00PM ET,4.5,Ten,8.0,10.0,6.2,9.0,9.51,12.17,2.6,8.21142857143,12.17,2.6,9.57,1.16544885177
Eric Weems,WR,3000,Atl@SF 04:05PM ET,0.263,Atl,,,,,1.59,2.53,,2.06,2.53,1.59,0.94,0.456310679612
Matthew Slater,WR,3000,Was@NE 01:00PM ET,0.0,NE,,,,,,,,,,,,
Jerricho Cotchery,WR,3000,GB@Car 01:00PM ET,5.36,Car,4.0,4.4,6.33,4.2,4.6,8.08,4.452,5.15171428571,8.08,4.0,4.08,0.791969386057
Jerome Felton,RB,3000,Mia@Buf 01:00PM ET,0.029,Buf,,,1.12,,,0.03,,0.575,1.12,0.03,1.09,1.89565217391
Ahmad Bradshaw,RB,3000,Den@Ind 04:25PM ET,2.667,Ind,,,5.13,,6.4,3.14,4.284,4.7385,6.4,3.14,3.26,0.687981428722
Cedric Peerman,RB,3000,Cle@Cin 08:25PM ET,0.0,Cin,,,,,,0.17,1.519,0.8445,1.519,0.17,1.349,1.59739490823
Jerome Simpson,WR,3000,Atl@SF 04:05PM ET,6.4,SF,7.0,,4.66,,7.42,3.49,,5.6425,7.42,3.49,3.93,0.696499778467
Mike Tolbert,RB,3000,GB@Car 01:00PM ET,5.314,Car,3.0,4.1,5.18,4.7,3.6,3.0,4.946,4.07514285714,5.18,3.0,2.18,0.534950571409
Andrew Hawkins,WR,3000,Cle@Cin 08:25PM ET,6.1,Cle,,,5.97,,,,,5.97,5.97,5.97,0.0,0.0
Darrius Heyward-Bey,WR,3000,Oak@Pit 01:00PM ET,6.238,Pit,,9.4,6.88,8.7,3.34,10.41,,7.746,10.41,3.34,7.07,0.912729150529
John Kuhn,RB,3000,GB@Car 01:00PM ET,1.743,GB,,0.5,2.83,0.4,1.04,0.92,1.439,1.18816666667,2.83,0.4,2.43,2.04516762519
Seyi Ajirotutu,WR,3000,Phi@Dal 08:30PM ET,0.0,Phi,,,,,,,,,,,,
Marlon Moore,WR,3000,Cle@Cin 08:25PM ET,0.357,Cle,,,,,2.77,0.78,,1.775,2.77,0.78,1.99,1.12112676056
Brandon Tate,WR,3000,Cle@Cin 08:25PM ET,1.786,Cin,,,,,,0.78,3.0008,1.8904,3.0008,0.78,2.2208,1.1747778248
Darrel Young,RB,3000,Was@NE 01:00PM ET,0.443,Was,,,2.18,,,,,2.18,2.18,2.18,0.0,0.0
Antone Smith,RB,3000,Chi@SD 08:30PM ET,0.0,Chi,,,4.05,,6.79,,2.254,4.36466666667,6.79,2.254,4.536,1.03925462044
Brian Hartline,WR,3000,Cle@Cin 08:25PM ET,5.775,Cle,,,,,,,,,,,,
Donald Brown,RB,3000,Chi@SD 08:30PM ET,0.0,SD,,,6.01,,1.72,2.21,,3.31333333333,6.01,1.72,4.29,1.29476861167
Jorvorskie Lane,RB,3000,NYG@TB 04:05PM ET,0.0,TB,,,,,,0.13,,0.13,0.13,0.13,0.0,0.0
Jordan Norwood,WR,3000,Den@Ind 04:25PM ET,3.167,Den,,,4.03,,4.41,,,4.22,4.41,4.03,0.38,0.0900473933649
Marcel Reece,RB,3000,Oak@Pit 01:00PM ET,8.429,Oak,4.0,1.6,7.01,2.0,6.05,5.6,1.799,4.00842857143,7.01,1.6,5.41,1.34965608183
Bruce Miller,RB,3000,Atl@SF 04:05PM ET,2.238,SF,,,3.62,,1.73,2.0,1.203,2.13825,3.62,1.203,2.417,1.13036361511
Marc Mariani,WR,3000,Chi@SD 08:30PM ET,0.414,Chi,,,,,4.93,2.06,,3.495,4.93,2.06,2.87,0.821173104435
Bryan Walters,WR,3000,Jax@NYJ 01:00PM ET,6.967,Jax,4.5,4.4,5.78,4.2,8.51,8.03,1.358,5.254,8.51,1.358,7.152,1.36124857252
Andre Roberts,WR,3000,Was@NE 01:00PM ET,3.317,Was,,5.9,,5.0,,0.25,,3.71666666667,5.9,0.25,5.65,1.5201793722
Jacoby Jones,WR,3000,Chi@SD 08:30PM ET,0.0,SD,,,,,,1.88,1.09,1.485,1.88,1.09,0.79,0.531986531987
Riley Cooper,WR,3000,Phi@Dal 08:30PM ET,6.214,Phi,4.0,3.2,5.43,2.6,5.19,12.3,3.012,5.10457142857,12.3,2.6,9.7,1.90025747229
Boobie Dixon,RB,3000,Mia@Buf 01:00PM ET,2.414,Buf,,,,,,,,,,,,
Chase Reynolds,RB,3000,StL@Min 01:00PM ET,0.0,StL,,,,,,,,,,,,
Fozzy Whittaker,RB,3000,GB@Car 01:00PM ET,1.686,Car,,5.9,3.23,6.5,1.89,0.42,1.051,3.16516666667,6.5,0.42,6.08,1.92090990469
Matt Asiata,RB,3000,StL@Min 01:00PM ET,2.986,Min,,3.2,3.13,3.5,2.88,2.6,1.3032,2.76886666667,3.5,1.3032,2.1968,0.793393205403
Charles Johnson,WR,3000,StL@Min 01:00PM ET,3.64,Min,5.0,7.1,5.06,6.6,2.5,0.5,2.813,4.22471428571,7.1,0.5,6.6,1.56223582322
Brian Quick,WR,3000,StL@Min 01:00PM ET,0.875,StL,,6.4,4.53,6.2,3.28,2.87,3.899,4.52983333333,6.4,2.87,3.53,0.779278119136
Daniel Herron,RB,3000,Mia@Buf 01:00PM ET,2.9,Buf,,3.1,,3.4,,0.02,1.777,2.07425,3.4,0.02,3.38,1.62950464023
Denarius Moore,WR,3000,Mia@Buf 01:00PM ET,-0.333,Buf,,,3.13,,,,,3.13,3.13,3.13,0.0,0.0
Dontrelle Inman,WR,3000,Chi@SD 08:30PM ET,4.171,SD,9.0,3.4,7.07,3.7,9.84,9.49,6.455,6.99357142857,9.84,3.4,6.44,0.920845674599
Greg Little,WR,3000,Cle@Cin 08:25PM ET,0.0,Cin,,,,,,,,,,,,
Joe Banyard,RB,3000,Jax@NYJ 01:00PM ET,0.0,Jax,,,,,,,,,,,,
Jeremy Kerley,WR,3000,Jax@NYJ 01:00PM ET,5.329,NYJ,6.5,8.6,7.41,8.4,6.95,6.91,4.7,7.06714285714,8.6,4.7,3.9,0.551849605822
Robert Turbin,RB,3000,Cle@Cin 08:25PM ET,2.933,Cle,3.5,4.0,3.86,3.8,1.69,0.92,4.719,3.21271428571,4.719,0.92,3.799,1.18248921695
Larry Donnell,TE,3000,NYG@TB 04:05PM ET,7.913,NYG,,,,,,,,,,,,
Bilal Powell,RB,3000,Jax@NYJ 01:00PM ET,7.36,NYJ,,6.4,,6.7,,0.34,,4.48,6.7,0.34,6.36,1.41964285714
Will Johnson,RB,3000,Oak@Pit 01:00PM ET,0.838,Pit,,,3.32,,,0.17,,1.745,3.32,0.17,3.15,1.80515759312
Bobby Rainey,RB,3000,NYG@TB 04:05PM ET,0.8,TB,,5.0,,5.4,,0.1,1.4184,2.9796,5.4,0.1,5.3,1.77876224997
Roy Helu Jr.,RB,3000,Oak@Pit 01:00PM ET,3.133,Oak,,5.6,6.85,5.7,1.34,0.07,,3.912,6.85,0.07,6.78,1.73312883436
Patrick DiMarco,RB,3000,Atl@SF 04:05PM ET,1.238,Atl,,,1.86,,1.08,0.16,,1.03333333333,1.86,0.16,1.7,1.64516129032
Austin Johnson,RB,3000,Ten@NO 01:00PM ET,1.567,NO,,,2.95,,,0.03,,1.49,2.95,0.03,2.92,1.95973154362
Kenjon Barner,RB,3000,Phi@Dal 08:30PM ET,0.0,Phi,,,,,,0.1,,0.1,0.1,0.1,0.0,0.0
Brice Butler,WR,3000,Phi@Dal 08:30PM ET,3.45,Dal,,,,,,,,,,,,
Cole Beasley,WR,3000,Phi@Dal 08:30PM ET,5.914,Dal,4.5,4.8,5.57,4.4,3.59,5.42,3.871,4.593,5.57,3.59,1.98,0.431090790333
Zach Line,RB,3000,StL@Min 01:00PM ET,2.8,Min,,,3.22,,,0.02,,1.62,3.22,0.02,3.2,1.97530864198
Griff Whalen,WR,3000,Den@Ind 04:25PM ET,2.8,Ind,,,,,8.43,3.24,,5.835,8.43,3.24,5.19,0.889460154242
Brenton Bersin,WR,3000,GB@Car 01:00PM ET,2.34,Car,,,,,,,,,,,,
Keshawn Martin,WR,3000,Was@NE 01:00PM ET,7.167,NE,,,,,,0.19,2.8226,1.5063,2.8226,0.19,2.6326,1.74772621656
Myles White,WR,3000,NYG@TB 04:05PM ET,0.45,NYG,,,,,,,,,,,,
Jordan Todman,RB,3000,Oak@Pit 01:00PM ET,0.138,Pit,,,6.25,,3.1,0.18,,3.17666666667,6.25,0.18,6.07,1.91080797482
Jarius Wright,WR,3000,StL@Min 01:00PM ET,4.557,Min,5.5,7.6,5.77,7.1,4.54,6.39,3.5916,5.78451428571,7.6,3.5916,4.0084,0.692953600253
Brandon Bolden,RB,3000,Was@NE 01:00PM ET,0.6,NE,,2.9,,3.3,,,1.08,2.42666666667,3.3,1.08,2.22,0.914835164835
Jonas Gray,RB,3000,Mia@Buf 01:00PM ET,5.08,Mia,3.5,2.7,,2.5,4.42,2.96,2.3394,3.0699,4.42,2.3394,2.0806,0.677741945992
Russell Shepard,WR,3000,NYG@TB 04:05PM ET,0.4,TB,,,,,,9.25,,9.25,9.25,9.25,0.0,0.0
Zurlon Tipton,RB,3000,Den@Ind 04:25PM ET,0.18,Ind,,,,,,,,,,,,
Tommy Bohanon,RB,3000,Jax@NYJ 01:00PM ET,0.829,NYJ,,,2.33,,,0.34,,1.335,2.33,0.34,1.99,1.49063670412
Ryan Grant,WR,3000,Was@NE 01:00PM ET,6.057,Was,,,4.12,1.7,,2.62,4.928,3.342,4.928,1.7,3.228,0.965888689408
Markus Wheaton,WR,3000,Oak@Pit 01:00PM ET,5.838,Pit,3.0,3.7,5.87,2.9,8.46,,4.389,4.71983333333,8.46,2.9,5.56,1.17800769801
Rex Burkhead,RB,3000,Cle@Cin 08:25PM ET,1.1,Cin,,,,,,1.13,,1.13,1.13,1.13,0.0,0.0
Benny Cunningham,RB,3000,StL@Min 01:00PM ET,5.643,StL,4.0,5.1,4.59,5.2,3.53,0.73,1.487,3.51957142857,5.2,0.73,4.47,1.27004099525
Kendall Gaskins,RB,3000,Atl@SF 04:05PM ET,4.3,SF,5.5,,10.54,,8.17,,10.504,8.6785,10.54,5.5,5.04,0.580745520539
Nikita Whitlock,RB,3000,NYG@TB 04:05PM ET,0.0,NYG,,,,,,0.03,,0.03,0.03,0.03,0.0,0.0
Zac Stacy,RB,3000,Jax@NYJ 01:00PM ET,4.583,NYJ,4.0,5.3,7.58,6.1,6.4,4.12,2.767,5.181,7.58,2.767,4.813,0.928971241073
Branden Oliver,RB,3000,Chi@SD 08:30PM ET,4.375,SD,,,,,,,,,,,,
Dri Archer,WR,3000,Oak@Pit 01:00PM ET,0.0,Pit,,,,,,6.01,,6.01,6.01,6.01,0.0,0.0
Rico Richardson,WR,3000,Ten@NO 01:00PM ET,0.0,Ten,,,,,,,,,,,,
Brandon Wegher,RB,3000,GB@Car 01:00PM ET,0.0,Car,,,,,,,,,,,,
Kevin Norwood,WR,3000,GB@Car 01:00PM ET,0.0,Car,,,,,,0.29,,0.29,0.29,0.29,0.0,0.0
Trey Watts,RB,3000,StL@Min 01:00PM ET,0.0,StL,,,,,,,,,,,,
Christine Michael,RB,3000,Phi@Dal 08:30PM ET,1.375,Dal,2.5,4.1,6.4,4.8,4.68,3.3,4.729,4.35842857143,6.4,2.5,3.9,0.89481792258
Denard Robinson,RB,3000,Jax@NYJ 01:00PM ET,3.55,Jax,3.5,5.3,3.85,5.4,2.56,1.41,2.346,3.48085714286,5.4,1.41,3.99,1.14626939178
Bennie Fowler,WR,3000,Den@Ind 04:25PM ET,3.114,Den,,,3.06,,1.16,6.11,3.958,3.572,6.11,1.16,4.95,1.38577827548
Jared Abbrederis,WR,3000,GB@Car 01:00PM ET,0.0,GB,,,,,,,,,,,,
Nick Williams,WR,3000,Atl@SF 04:05PM ET,2.686,Atl,,,,,,5.07,4.321,4.6955,5.07,4.321,0.749,0.159514428708
Devin Street,WR,3000,Phi@Dal 08:30PM ET,2.086,Dal,,,,,,1.1,2.229,1.6645,2.229,1.1,1.129,0.678281766296
Aaron Dobson,WR,3000,Was@NE 01:00PM ET,4.58,NE,,5.2,,4.6,,0.88,2.924,3.401,5.2,0.88,4.32,1.27021464275
Bernard Pierce,RB,3000,Jax@NYJ 01:00PM ET,0.8,Jax,,0.6,,0.5,,,,0.55,0.6,0.5,0.1,0.181818181818
Stedman Bailey,WR,3000,StL@Min 01:00PM ET,4.7,StL,4.5,5.2,5.48,5.7,4.39,7.78,3.011,5.15157142857,7.78,3.011,4.769,0.925736945731
Justin Hunter,WR,3000,Ten@NO 01:00PM ET,5.0,Ten,9.5,5.8,5.67,4.9,9.01,11.16,7.463,7.64328571429,11.16,4.9,6.26,0.819019494234
Kenny Stills,WR,3000,Mia@Buf 01:00PM ET,5.643,Mia,4.5,7.2,5.47,6.6,7.43,6.48,3.802,5.926,7.43,3.802,3.628,0.612217347283
Jalston Fowler,RB,3000,Ten@NO 01:00PM ET,1.443,Ten,,,1.8,,,0.05,,0.925,1.8,0.05,1.75,1.89189189189
Kenbrell Thompkins,WR,3000,Jax@NYJ 01:00PM ET,10.1,NYJ,,,3.1,,1.34,,,2.22,3.1,1.34,1.76,0.792792792793
Roosevelt Nix,RB,3000,Oak@Pit 01:00PM ET,0.0,Pit,,,,,,,,,,,,
Rod Streater,WR,3000,Oak@Pit 01:00PM ET,1.8,Oak,,3.6,5.06,2.8,,0.96,,3.105,5.06,0.96,4.1,1.32045088567
Marcus Murphy,RB,3000,Ten@NO 01:00PM ET,0.75,NO,,,,,,0.03,,0.03,0.03,0.03,0.0,0.0
Andre Williams,RB,3000,NYG@TB 04:05PM ET,2.838,NYG,,3.3,5.03,3.9,2.23,6.6,3.273,4.0555,6.6,2.23,4.37,1.07754900752
Rod Smith,RB,3000,Phi@Dal 08:30PM ET,0.25,Dal,,,,,,,,,,,,
Joshua Bellamy,WR,3000,Chi@SD 08:30PM ET,2.986,Chi,,,,,1.33,5.1,,3.215,5.1,1.33,3.77,1.17262830482
Neal Sterling,WR,3000,Jax@NYJ 01:00PM ET,0.0,Jax,,,,,,,,,,,,
Walt Powell,WR,3000,Oak@Pit 01:00PM ET,0.0,Oak,,,,,,,,,,,,
Malcolm Johnson,RB,3000,Cle@Cin 08:25PM ET,0.55,Cle,,,,,,0.04,1.074,0.557,1.074,0.04,1.034,1.85637342908
Juwan Thompson,RB,3000,Den@Ind 04:25PM ET,0.6,Den,,0.7,,0.6,,0.37,1.198,0.717,1.198,0.37,0.828,1.15481171548
James White,RB,3000,Was@NE 01:00PM ET,2.283,NE,,6.2,,7.0,,0.95,1.009,3.78975,7.0,0.95,6.05,1.59641137278
Brandon Coleman,WR,3000,Ten@NO 01:00PM ET,4.013,NO,4.0,6.8,5.97,6.4,1.07,2.56,2.973,4.25328571429,6.8,1.07,5.73,1.34719376616
DeAndrew White,WR,3000,Atl@SF 04:05PM ET,1.267,SF,,,,,,,,,,,,
Matt Hazel,WR,3000,Mia@Buf 01:00PM ET,0.0,Mia,,,,,,0.02,,0.02,0.02,0.02,0.0,0.0
Justin Hardy,WR,3000,Atl@SF 04:05PM ET,4.1,Atl,4.5,1.6,,1.8,6.37,9.08,8.064,5.23566666667,9.08,1.6,7.48,1.42866237983
Andre Holmes,WR,3000,Oak@Pit 01:00PM ET,4.957,Oak,,3.2,5.57,2.6,2.86,5.68,3.38,3.88166666667,5.68,2.6,3.08,0.793473593817
Geremy Davis,WR,3000,NYG@TB 04:05PM ET,0.513,NYG,,,,,,4.04,,4.04,4.04,4.04,0.0,0.0
Jamize Olawale,RB,3000,Oak@Pit 01:00PM ET,1.42,Oak,,,,,,0.01,,0.01,0.01,0.01,0.0,0.0
Cameron Meredith,WR,3000,Chi@SD 08:30PM ET,3.5,Chi,,,8.32,,,6.48,1.078,5.29266666667,8.32,1.078,7.242,1.36830835118
Jerick McKinnon,RB,3000,StL@Min 01:00PM ET,2.071,Min,2.5,3.0,1.97,3.2,2.27,2.21,1.7672,2.41674285714,3.2,1.7672,1.4328,0.59286406734
Corey Brown,WR,3000,GB@Car 01:00PM ET,6.8,Car,,6.0,5.45,6.2,6.81,2.85,,5.462,6.81,2.85,3.96,0.725009154156
Terron Ward,RB,3000,Atl@SF 04:05PM ET,2.888,Atl,,2.6,,2.9,1.08,,2.224,2.201,2.9,1.08,1.82,0.826896865061
Quinton Patton,WR,3000,Atl@SF 04:05PM ET,4.55,SF,2.0,,3.54,,6.05,5.29,4.818,4.3396,6.05,2.0,4.05,0.933265738778
Quan Bray,WR,3000,Den@Ind 04:25PM ET,0.0,Ind,,,,,3.18,,,3.18,3.18,3.18,0.0,0.0
Sammie Coates,WR,3000,Oak@Pit 01:00PM ET,0.42,Pit,,1.6,,1.8,,2.08,1.384,1.716,2.08,1.384,0.696,0.405594405594
Ka'Deem Carey,RB,3000,Chi@SD 08:30PM ET,0.0,Chi,,3.1,3.45,3.4,2.65,9.23,2.254,4.014,9.23,2.254,6.976,1.73791728949
Terrance West,RB,3000,Ten@NO 01:00PM ET,1.55,Ten,,,,,,0.02,,0.02,0.02,0.02,0.0,0.0
Phillip Dorsett,WR,3000,Den@Ind 04:25PM ET,4.729,Ind,,,,,,,,,,,,
Rashad Ross,WR,3000,Was@NE 01:00PM ET,3.1,Was,,,,,,,,,,,,
Marqise Lee,WR,3000,Jax@NYJ 01:00PM ET,4.1,Jax,,9.7,,8.9,,2.41,,7.00333333333,9.7,2.41,7.29,1.0409328891
Adam Humphries,WR,3000,NYG@TB 04:05PM ET,1.95,TB,,,3.66,,5.16,6.88,,5.23333333333,6.88,3.66,3.22,0.615286624204
DeVante Parker,WR,3000,Mia@Buf 01:00PM ET,1.271,Mia,,,,,,,,,,,,
Alonzo Harris,RB,3000,GB@Car 01:00PM ET,0.475,GB,,,,,,0.01,,0.01,0.01,0.01,0.0,0.0
Bruce Ellington,WR,3000,Atl@SF 04:05PM ET,2.24,SF,,2.9,3.05,2.5,3.92,0.53,,2.58,3.92,0.53,3.39,1.31395348837
Aaron Ripkowski,RB,3000,GB@Car 01:00PM ET,0.0,GB,,,,,,,,,,,,
Bradley Marquez,WR,3000,StL@Min 01:00PM ET,0.214,StL,,,,,,,,,,,,
Devin Smith,WR,3000,Jax@NYJ 01:00PM ET,3.0,NYJ,,3.2,3.4,2.6,2.29,5.32,,3.362,5.32,2.29,3.03,0.901249256395
Josh Robinson,RB,3000,Den@Ind 04:25PM ET,2.44,Ind,,2.0,,2.8,,0.04,,1.61333333333,2.8,0.04,2.76,1.71074380165
Richard Rodgers,TE,3000,GB@Car 01:00PM ET,8.371,GB,6.5,16.0,5.96,15.0,9.83,6.77,7.449,9.64414285714,16.0,5.96,10.04,1.041046379
Cody Latimer,WR,3000,Den@Ind 04:25PM ET,0.0,Den,,1.6,,1.8,,0.19,,1.19666666667,1.8,0.19,1.61,1.34540389972
Cordarrelle Patterson,WR,3000,StL@Min 01:00PM ET,0.557,Min,,5.9,,5.5,,0.03,,3.81,5.9,0.03,5.87,1.5406824147
Damien Williams,RB,3000,Mia@Buf 01:00PM ET,3.0,Mia,,1.9,4.39,2.4,,0.73,2.069,2.2978,4.39,0.73,3.66,1.59282792236
Devin Funchess,WR,3000,GB@Car 01:00PM ET,2.286,Car,2.5,5.2,4.64,4.6,4.29,5.93,1.352,4.07314285714,5.93,1.352,4.578,1.12394781145
Seth Roberts,WR,3000,Oak@Pit 01:00PM ET,4.529,Oak,,,3.67,,3.57,10.11,,5.78333333333,10.11,3.57,6.54,1.13083573487
Cameron Artis-Payne,RB,3000,GB@Car 01:00PM ET,0.775,Car,,2.0,,2.6,,0.64,,1.74666666667,2.6,0.64,1.96,1.12213740458
Lucky Whitehead,WR,3000,Phi@Dal 08:30PM ET,0.733,Dal,,,,,,0.01,,0.01,0.01,0.01,0.0,0.0
Adam Thielen,WR,3000,StL@Min 01:00PM ET,2.943,Min,,,,,,2.86,,2.86,2.86,2.86,0.0,0.0
Khiry Robinson,RB,3000,Ten@NO 01:00PM ET,8.813,NO,,,,,,,,,,,,
Mario Alford,WR,3000,Cle@Cin 08:25PM ET,0.0,Cin,,,,,,,,,,,,
Taylor Gabriel,WR,3000,Cle@Cin 08:25PM ET,5.425,Cle,4.0,3.6,5.31,3.8,9.1,9.64,4.307,5.67957142857,9.64,3.6,6.04,1.06346052268
Donteea Dye,WR,3000,NYG@TB 04:05PM ET,3.033,TB,5.0,,6.33,,6.41,3.2,7.365,5.661,7.365,3.2,4.165,0.735735735736
Bills ,DST,2900,Mia@Buf 01:00PM ET,6.571,Buf,9.0,9.0,9.0,9.0,9.0,9.0,9.0,9.0,9.0,9.0,0.0,0.0
Dolphins ,DST,2900,Mia@Buf 01:00PM ET,7.143,Mia,6.3,6.3,6.3,6.3,6.3,6.3,6.3,6.3,6.3,6.3,0.0,0.0
Kyle Rudolph,TE,2900,StL@Min 01:00PM ET,7.5,Min,4.0,11.8,6.98,11.9,6.4,9.52,7.467,8.29528571429,11.9,4.0,7.9,0.952348149551
Jaguars ,DST,2800,Jax@NYJ 01:00PM ET,6.0,Jax,6.0,6.0,6.0,6.0,6.0,6.0,6.0,6.0,6.0,6.0,0.0,0.0
Vernon Davis,TE,2800,Atl@SF 04:05PM ET,6.233,SF,4.0,6.8,2.61,6.4,8.13,5.99,8.004,5.99057142857,8.13,2.61,5.52,0.921447989698
Coby Fleener,TE,2800,Den@Ind 04:25PM ET,8.6,Ind,6.5,5.6,8.06,5.8,9.58,8.91,7.913,7.48042857143,9.58,5.6,3.98,0.532055077058
Austin Seferian-Jenkins,TE,2800,NYG@TB 04:05PM ET,17.95,TB,8.5,17.4,10.04,16.7,10.81,9.8,7.243,11.499,17.4,7.243,10.157,0.883294199496
Cowboys ,DST,2700,Phi@Dal 08:30PM ET,5.0,Dal,7.0,7.0,7.0,7.0,7.0,7.0,7.0,7.0,7.0,7.0,0.0,0.0
Giants ,DST,2700,NYG@TB 04:05PM ET,9.25,NYG,6.0,6.0,6.0,6.0,6.0,6.0,6.0,6.0,6.0,6.0,0.0,0.0
Eagles ,DST,2700,Phi@Dal 08:30PM ET,10.286,Phi,6.7,6.7,6.7,6.7,6.7,6.7,6.7,6.7,6.7,6.7,0.0,0.0
Heath Miller,TE,2700,Oak@Pit 01:00PM ET,8.163,Pit,10.0,10.8,8.71,11.4,11.07,14.11,11.044,11.0191428571,14.11,8.71,5.4,0.490056265719
Chris Gragg,TE,2700,Mia@Buf 01:00PM ET,4.6,Buf,4.0,3.2,,3.6,,0.03,2.921,2.7502,4.0,0.03,3.97,1.44353137954
Titans ,DST,2600,Ten@NO 01:00PM ET,6.571,Ten,7.4,7.4,7.4,7.4,7.4,7.4,7.4,7.4,7.4,7.4,0.0,0.0
Steelers ,DST,2600,Oak@Pit 01:00PM ET,8.125,Pit,6.5,6.5,6.5,6.5,6.5,6.5,6.5,6.5,6.5,6.5,0.0,0.0
Chargers ,DST,2600,Chi@SD 08:30PM ET,3.125,SD,6.4,6.4,6.4,6.4,6.4,6.4,6.4,6.4,6.4,6.4,0.0,0.0
Owen Daniels,TE,2600,Den@Ind 04:25PM ET,5.986,Den,6.5,12.2,5.71,12.1,4.34,7.23,2.94,7.28857142857,12.2,2.94,9.26,1.27048216386
Jared Cook,TE,2600,StL@Min 01:00PM ET,6.357,StL,7.5,8.4,6.63,8.2,7.03,10.24,5.958,7.70828571429,10.24,5.958,4.282,0.555506134401
Clive Walford,TE,2600,Oak@Pit 01:00PM ET,3.186,Oak,2.0,1.4,2.32,1.7,5.13,3.89,3.669,2.87271428571,5.13,1.4,3.73,1.29842359143
Redskins ,DST,2500,Was@NE 01:00PM ET,7.429,Was,2.8,2.8,2.8,2.8,2.8,2.8,2.8,2.8,2.8,2.8,0.0,0.0
Craig Stevens,TE,2500,Ten@NO 01:00PM ET,1.457,Ten,,,,,,0.21,1.948,1.079,1.948,0.21,1.738,1.61075069509
Marcedes Lewis,TE,2500,Jax@NYJ 01:00PM ET,2.014,Jax,,6.4,2.77,6.2,4.19,5.47,1.423,4.40883333333,6.4,1.423,4.977,1.12887007145
Scott Chandler,TE,2500,Was@NE 01:00PM ET,4.3,NE,2.0,7.4,4.8,6.7,4.41,3.7,3.676,4.66942857143,7.4,2.0,5.4,1.15645842257
Matt Spaeth,TE,2500,Oak@Pit 01:00PM ET,0.2,Pit,,,,,,,1.027,1.027,1.027,1.027,0.0,0.0
Clark Harris,TE,2500,Cle@Cin 08:25PM ET,0.0,Cin,,,,,,,,,,,,
Anthony Fasano,TE,2500,Ten@NO 01:00PM ET,4.986,Ten,,4.6,4.52,4.3,4.01,3.69,4.587,4.2845,4.6,3.69,0.91,0.212393511495
Brent Celek,TE,2500,Phi@Dal 08:30PM ET,3.729,Phi,2.0,2.6,5.58,2.3,1.5,5.28,2.377,3.091,5.58,1.5,4.08,1.31996117761
Zach Miller,TE,2500,Chi@SD 08:30PM ET,0.929,Chi,,,,1.8,1.8,0.17,,1.25666666667,1.8,0.17,1.63,1.29708222812
Kellen Davis,TE,2500,Jax@NYJ 01:00PM ET,1.014,NYJ,,,5.98,,,0.06,1.852,2.63066666667,5.98,0.06,5.92,2.25038013178
Brandon Myers,TE,2500,NYG@TB 04:05PM ET,2.6,TB,4.0,2.4,3.08,3.2,1.72,5.73,2.902,3.29028571429,5.73,1.72,4.01,1.21873914554
Tony Moeaki,TE,2500,Atl@SF 04:05PM ET,0.525,Atl,,,,,,,2.116,2.116,2.116,2.116,0.0,0.0
David Johnson,TE,2500,Chi@SD 08:30PM ET,0.025,SD,,,,,,0.01,,0.01,0.01,0.01,0.0,0.0
Clay Harbor,TE,2500,Jax@NYJ 01:00PM ET,3.4,Jax,,6.6,,7.3,,0.77,,4.89,7.3,0.77,6.53,1.33537832311
Ed Dickson,TE,2500,GB@Car 01:00PM ET,2.757,Car,2.0,3.8,3.86,3.9,3.01,3.15,3.281,3.28585714286,3.9,2.0,1.9,0.578235728881
Andrew DePaola,TE,2500,NYG@TB 04:05PM ET,0.0,TB,,,,,,,,,,,,
Anthony McCoy,TE,2500,Was@NE 01:00PM ET,0.0,Was,,,,,,0.01,,0.01,0.01,0.01,0.0,0.0
Jim Dray,TE,2500,Cle@Cin 08:25PM ET,0.875,Cle,,,4.09,,2.49,0.44,,2.34,4.09,0.44,3.65,1.55982905983
Virgil Green,TE,2500,Den@Ind 04:25PM ET,3.129,Den,,4.4,4.45,4.2,,0.42,1.097,2.9134,4.45,0.42,4.03,1.38326354088
John Phillips,TE,2500,Chi@SD 08:30PM ET,2.4,SD,,,5.65,,3.14,0.16,,2.98333333333,5.65,0.16,5.49,1.84022346369
Richard Gordon,TE,2500,Den@Ind 04:25PM ET,0.0,Den,,,,,,,,,,,,
Rob Housler,TE,2500,Cle@Cin 08:25PM ET,0.267,Cle,,,,,,,,,,,,
Kyle Nelson,TE,2500,Atl@SF 04:05PM ET,0.0,SF,,,,,,,,,,,,
Matthew Mulligan,TE,2500,Mia@Buf 01:00PM ET,0.171,Buf,,,,,,0.01,,0.01,0.01,0.01,0.0,0.0
Lance Kendricks,TE,2500,StL@Min 01:00PM ET,4.033,StL,2.0,1.4,5.15,1.7,3.84,2.68,3.05,2.83142857143,5.15,1.4,3.75,1.324419778
Jeff Cumberland,TE,2500,Jax@NYJ 01:00PM ET,1.217,NYJ,1.5,5.4,,5.7,3.45,7.06,1.086,4.03266666667,7.06,1.086,5.974,1.48140188461
Michael Hoomanawanui,TE,2500,Ten@NO 01:00PM ET,2.583,NO,,,,,2.51,,1.391,1.9505,2.51,1.391,1.119,0.573699051525
Lee Smith,TE,2500,Oak@Pit 01:00PM ET,1.5,Oak,,,3.47,,2.29,1.4,,2.38666666667,3.47,1.4,2.07,0.867318435754
Luke Stocker,TE,2500,NYG@TB 04:05PM ET,1.04,TB,,,,,,0.21,,0.21,0.21,0.21,0.0,0.0
Rhett Ellison,TE,2500,StL@Min 01:00PM ET,0.567,Min,,,3.77,,,3.04,,3.405,3.77,3.04,0.73,0.214390602056
Garrett Celek,TE,2500,Atl@SF 04:05PM ET,4.363,SF,6.0,2.6,6.2,3.3,7.89,6.43,6.691,5.58728571429,7.89,2.6,5.29,0.946792462479
James Hanna,TE,2500,Phi@Dal 08:30PM ET,0.86,Dal,,,,,1.25,3.55,,2.4,3.55,1.25,2.3,0.958333333333
Jake Stoneburner,TE,2500,Mia@Buf 01:00PM ET,5.425,Mia,,1.2,5.62,1.6,,,1.05,2.3675,5.62,1.05,4.57,1.9303062302
Mychal Rivera,TE,2500,Oak@Pit 01:00PM ET,2.643,Oak,4.0,6.0,4.32,6.0,3.99,5.77,4.207,4.89814285714,6.0,3.99,2.01,0.410359611515
Cory Harkey,TE,2500,StL@Min 01:00PM ET,0.4,StL,,,,,,0.01,,0.01,0.01,0.01,0.0,0.0
Beau Brinkley,TE,2500,Ten@NO 01:00PM ET,0.0,Ten,,,,,,,,,,,,
Dwayne Allen,TE,2500,Den@Ind 04:25PM ET,3.75,Ind,4.5,5.0,5.04,4.5,6.38,4.24,2.526,4.598,6.38,2.526,3.854,0.838190517616
Kevin McDermott,TE,2500,StL@Min 01:00PM ET,0.0,Min,,,,,,,,,,,,
Michael Williams,TE,2500,Was@NE 01:00PM ET,0.557,NE,,,,,,0.01,,0.01,0.01,0.01,0.0,0.0
Josh Hill,TE,2500,Ten@NO 01:00PM ET,2.575,NO,2.0,1.4,6.27,1.7,3.61,3.08,2.908,2.99542857143,6.27,1.4,4.87,1.62581075925
Jack Doyle,TE,2500,Den@Ind 04:25PM ET,1.238,Ind,,,,,2.25,0.17,,1.21,2.25,0.17,2.08,1.71900826446
Vance McDonald,TE,2500,Atl@SF 04:05PM ET,1.643,SF,,,3.0,,5.38,0.02,1.962,2.5905,5.38,0.02,5.36,2.06909862961
Justin Perillo,TE,2500,GB@Car 01:00PM ET,2.35,GB,,,,,2.07,,,2.07,2.07,2.07,0.0,0.0
Ryan Hewitt,TE,2500,Cle@Cin 08:25PM ET,0.829,Cin,,,2.41,,,0.99,,1.7,2.41,0.99,1.42,0.835294117647
Levine Toilolo,TE,2500,Atl@SF 04:05PM ET,1.313,Atl,,,6.06,,1.02,0.2,1.452,2.183,6.06,0.2,5.86,2.68437929455
Justice Cunningham,TE,2500,StL@Min 01:00PM ET,0.0,StL,,,,,,,,,,,,
Gavin Escobar,TE,2500,Phi@Dal 08:30PM ET,1.629,Dal,2.0,5.0,4.28,4.5,,0.19,1.315,2.88083333333,5.0,0.19,4.81,1.6696557709
Dion Sims,TE,2500,Mia@Buf 01:00PM ET,3.9,Mia,,1.4,3.56,1.7,4.53,3.53,2.826,2.92433333333,4.53,1.4,3.13,1.07032941981
Nic Jacobs,TE,2500,Jax@NYJ 01:00PM ET,0.0,Jax,,,,,,,,,,,,
Brandon Williams,TE,2500,Mia@Buf 01:00PM ET,0.0,Mia,,,,,,,,,,,,
Trey Burton,TE,2500,Phi@Dal 08:30PM ET,0.0,Phi,,,,,,,,,,,,
Blake Bell,TE,2500,Atl@SF 04:05PM ET,0.783,SF,,,,,2.54,,,2.54,2.54,2.54,0.0,0.0
MyCole Pruitt,TE,2500,StL@Min 01:00PM ET,0.829,Min,,1.4,,1.7,,,,1.55,1.7,1.4,0.3,0.193548387097
Cameron Brate,TE,2500,NYG@TB 04:05PM ET,3.22,TB,,,,,,,2.442,2.442,2.442,2.442,0.0,0.0
Will Tye,TE,2500,NYG@TB 04:05PM ET,2.94,NYG,6.0,,3.58,,7.36,,6.258,5.7995,7.36,3.58,3.78,0.65178032589
Chase Ford,TE,2500,StL@Min 01:00PM ET,0.0,Min,,1.6,,1.8,,,,1.7,1.8,1.6,0.2,0.117647058824
Scott Simonson,TE,2500,GB@Car 01:00PM ET,0.0,Car,,,,,,,,,,,,
Tyler Kroft,TE,2500,Cle@Cin 08:25PM ET,0.0,Cin,,1.4,,1.7,,,,1.55,1.7,1.4,0.3,0.193548387097
C.J. Uzomah,TE,2500,Cle@Cin 08:25PM ET,0.0,Cin,,,,,,,,,,,,
Kennard Backman,TE,2500,GB@Car 01:00PM ET,0.0,GB,,1.2,,1.6,,0.03,,0.943333333333,1.6,0.03,1.57,1.66431095406
Phillip Supernaw,TE,2500,Ten@NO 01:00PM ET,0.0,Ten,,,,,,,1.074,1.074,1.074,1.074,0.0,0.0
Jesse James,TE,2500,Oak@Pit 01:00PM ET,0.0,Pit,,,,,,0.98,,0.98,0.98,0.98,0.0,0.0
Derek Carrier,TE,2500,Was@NE 01:00PM ET,4.1,Was,,2.6,2.24,3.3,2.7,2.79,2.813,2.7405,3.3,2.24,1.06,0.386790731618
Geoff Swaim,TE,2500,Phi@Dal 08:30PM ET,0.5,Dal,,,,,,,,,,,,
E.J. Bibbs,TE,2500,Cle@Cin 08:25PM ET,0.0,Cle,,,,,,,,,,,,
Khari Lee,TE,2500,Chi@SD 08:30PM ET,0.0,Chi,,,,,,0.01,,0.01,0.01,0.01,0.0,0.0
Bears ,DST,2400,Chi@SD 08:30PM ET,3.714,Chi,5.1,5.1,5.1,5.1,5.1,5.1,5.1,5.1,5.1,5.1,0.0,0.0
Buccaneers ,DST,2400,NYG@TB 04:05PM ET,7.571,TB,6.1,6.1,6.1,6.1,6.1,6.1,6.1,6.1,6.1,6.1,0.0,0.0
Raiders ,DST,2300,Oak@Pit 01:00PM ET,6.429,Oak,3.7,3.7,3.7,3.7,3.7,3.7,3.7,3.7,3.7,3.7,0.0,0.0
Browns ,DST,2200,Cle@Cin 08:25PM ET,6.25,Cle,2.7,2.7,2.7,2.7,2.7,2.7,2.7,2.7,2.7,2.7,0.0,0.0
Saints ,DST,2200,Ten@NO 01:00PM ET,6.125,NO,3.6,3.6,3.6,3.6,3.6,3.6,3.6,3.6,3.6,3.6,0.0,0.0
Colts ,DST,2100,Den@Ind 04:25PM ET,5.875,Ind,4.5,4.5,4.5,4.5,4.5,4.5,4.5,4.5,4.5,4.5,0.0,0.0
49ers ,DST,2100,Atl@SF 04:05PM ET,4.5,SF,1.6,1.6,1.6,1.6,1.6,1.6,1.6,1.6,1.6,1.6,0.0,0.0
