,Name,Position,Salary,GameInfo,AvgPointsPerGame,teamAbbrev,fftoday,nfl,cbs,fleaflicker,espn,fire,average,max,min,range,rel_range,upside,final
0,Julio Jones,WR,9000,Atl@TB 01:00PM ET,25.227,Atl,27.5,31.5,26.1,26.7,24.16,23.578,26.58966667,31.5,23.578,7.922,0.297935288,4.910333333,17.3
1,Odell Beckham Jr.,WR,8900,NYJ@NYG 01:00PM ET,22.255,NYG,28.0,22.1,17.6,20.4,19.95,23.809,21.9765,28.0,17.6,10.4,0.473232771,6.0235,29.9
2,DeAndre Hopkins,WR,8800,Hou@Buf 01:00PM ET,23.645,Hou,26.0,20.6,18.64,21.0,20.11,17.54,20.64833333,26.0,17.54,8.46,0.409718298,5.351666667,19.8
3,Antonio Brown,WR,8600,Ind@Pit 08:30PM ET,23.455,Pit,29.0,24.4,23.9,28.0,25.62,26.709,26.2715,29.0,23.9,5.1,0.194126715,2.7285,34.8
4,Tom Brady,QB,8000,Phi@NE 04:25PM ET,25.709,NE,27.0,36.18,21.42,31.62,23.074,26.605,27.64983333,36.18,21.42,14.76,0.533818769,8.530166667,37.78
5,Devonta Freeman,RB,8000,Atl@TB 01:00PM ET,24.44,Atl,22.0,33.9,15.47,27.6,22.5,18.37,23.30666667,33.9,15.47,18.43,0.79076087,10.59333333,20.3
6,Rob Gronkowski,TE,7800,Phi@NE 04:25PM ET,19.918,NE,,24.4,,,,,24.4,24.4,24.4,0.0,0.0,0.0,
7,A.J. Green,WR,7600,Cin@Cle 01:00PM ET,17.9,Cin,23.0,29.4,17.36,28.1,18.68,20.154,22.78233333,29.4,17.36,12.04,0.52847967,6.617666667,26.8
8,Julian Edelman,WR,7500,Phi@NE 04:25PM ET,19.611,NE,,,,,,,,,,,,,
9,Dez Bryant,WR,7500,Dal@Was 08:30PM ET,11.0,Dal,17.5,36.6,12.37,26.4,14.56,15.175,20.43416667,36.6,12.37,24.23,1.185759145,16.16583333,9.2
10,Larry Fitzgerald,WR,7400,Ari@StL 01:00PM ET,21.018,Ari,23.0,18.8,18.38,12.1,19.09,15.565,17.8225,23.0,12.1,10.9,0.611586478,5.1775,13.5
11,Cam Newton,QB,7400,Car@NO 04:25PM ET,23.213,Car,27.7,31.48,23.95,27.66,24.384,23.858,26.50533333,31.48,23.858,7.622,0.287564767,4.974666667,40.14
12,Mike Evans,WR,7300,Atl@TB 01:00PM ET,15.09,TB,18.5,30.2,15.67,22.1,13.84,13.882,19.032,30.2,13.84,16.36,0.859604876,11.168,17.1
13,Allen Robinson,WR,7300,Jax@Ten 01:00PM ET,18.609,Jax,26.0,17.4,16.03,15.4,16.96,15.681,17.91183333,26.0,15.4,10.6,0.591787552,8.088166667,46.3
14,Todd Gurley,RB,7300,Ari@StL 01:00PM ET,17.522,StL,18.5,17.8,14.55,15.6,16.77,16.005,16.5375,18.5,14.55,3.95,0.238851096,1.9625,4.1
15,Demaryius Thomas,WR,7200,Den@SD 04:05PM ET,16.645,Den,20.0,20.2,17.75,19.4,14.21,16.4,17.99333333,20.2,14.21,5.99,0.332901074,2.206666667,18.1
16,Brandon Marshall,WR,7100,NYJ@NYG 01:00PM ET,21.282,NYJ,22.0,19.6,16.08,21.8,17.85,16.343,18.9455,22.0,16.08,5.92,0.312475258,3.0545,34.1
17,Drew Brees,QB,6900,Car@NO 04:25PM ET,21.99,NO,18.4,21.74,16.49,19.44,22.604,18.96,19.60566667,22.604,16.49,6.114,0.311848615,2.998333333,23.48
18,Matt Forte,RB,6900,SF@Chi 01:00PM ET,16.25,Chi,11.0,15.5,11.85,18.7,17.03,15.229,14.88483333,18.7,11.0,7.7,0.517305087,3.815166667,23.3
19,Alshon Jeffery,WR,6900,SF@Chi 01:00PM ET,20.75,Chi,22.5,21.2,17.32,22.7,18.43,15.767,19.65283333,22.7,15.767,6.933,0.352773561,3.047166667,12.5
20,Amari Cooper,WR,6900,KC@Oak 04:05PM ET,16.227,Oak,19.5,22.4,14.38,22.6,15.86,15.3748,18.35246667,22.6,14.38,8.22,0.447896196,4.247533333,10.2
21,Carson Palmer,QB,6700,Ari@StL 01:00PM ET,23.598,Ari,18.8,19.2,18.92,19.64,19.914,20.8,19.54566667,20.8,18.8,2.0,0.102324471,1.254333333,25.24
22,Matt Ryan,QB,6700,Atl@TB 01:00PM ET,17.671,Atl,18.6,26.48,17.57,27.6,17.286,24.84,22.06266667,27.6,17.286,10.314,0.467486553,5.537333333,14.16
23,Andrew Luck,QB,6700,Ind@Pit 08:30PM ET,21.406,Ind,,,,,,,,,,,,,
24,Jarvis Landry,WR,6700,Bal@Mia 01:00PM ET,19.333,Mia,21.5,17.1,16.06,17.0,17.56,16.816,17.67266667,21.5,16.06,5.44,0.307819986,3.827333333,2.5
25,Philip Rivers,QB,6600,Den@SD 04:05PM ET,22.667,SD,18.2,20.5,15.08,13.22,21.41,16.821,17.5385,21.41,13.22,8.19,0.46697266,3.8715,7.08
26,Ben Roethlisberger,QB,6600,Ind@Pit 08:30PM ET,22.46,Pit,23.9,21.76,18.04,23.76,20.06,20.2678,21.29796667,23.9,18.04,5.86,0.275143637,2.602033333,36.86
27,Adrian Peterson,RB,6600,Sea@Min 01:00PM ET,20.155,Min,19.0,15.9,14.75,25.0,21.53,15.7428,18.6538,25.0,14.75,10.25,0.549485896,6.3462,6.4
28,Eli Manning,QB,6500,NYJ@NYG 01:00PM ET,19.958,NYG,18.4,20.62,17.28,17.86,19.68,17.816,18.60933333,20.62,17.28,3.34,0.179479831,2.010666667,15.08
29,Emmanuel Sanders,WR,6500,Den@SD 04:05PM ET,16.02,Den,16.0,19.5,16.75,19.0,12.22,15.762,16.53866667,19.5,12.22,7.28,0.440180587,2.961333333,5.4
30,Michael Crabtree,WR,6500,KC@Oak 04:05PM ET,16.136,Oak,17.5,14.6,11.43,15.0,15.69,10.833,14.1755,17.5,10.833,6.667,0.470318507,3.3245,15.5
31,Greg Olsen,TE,6400,Car@NO 04:25PM ET,15.8,Car,20.5,19.2,15.55,18.4,16.42,16.556,17.771,20.5,15.55,4.95,0.278543695,2.729,23.9
32,Andy Dalton,QB,6400,Cin@Cle 01:00PM ET,21.813,Cin,20.1,18.94,18.15,23.4,19.586,22.968,20.524,23.4,18.15,5.25,0.25579809,2.876,23.9
33,Mark Ingram,RB,6400,Car@NO 04:25PM ET,17.045,NO,20.0,12.7,15.55,12.9,19.78,13.429,15.7265,20.0,12.7,7.3,0.464184656,4.2735,19.9
34,Marshawn Lynch,RB,6300,Sea@Min 01:00PM ET,12.243,Sea,,,,,,,,,,,,,
35,Eric Decker,WR,6300,NYJ@NYG 01:00PM ET,16.8,NYJ,19.0,19.4,13.67,20.6,16.58,12.534,16.964,20.6,12.534,8.066,0.475477482,3.636,21.1
36,Brandin Cooks,WR,6300,Car@NO 04:25PM ET,15.309,NO,13.5,17.8,16.58,18.0,12.91,13.073,15.3105,18.0,12.91,5.09,0.332451586,2.6895,25.4
37,Derek Carr,QB,6200,KC@Oak 04:05PM ET,20.6,Oak,18.3,16.64,16.5,19.14,17.912,18.4206,17.81876667,19.14,16.5,2.64,0.148158402,1.321233333,16.32
38,Blake Bortles,QB,6000,Jax@Ten 01:00PM ET,20.689,Jax,20.0,23.56,16.75,18.52,17.866,17.3404,19.00606667,23.56,16.75,6.81,0.358306646,4.553933333,35.78
39,Peyton Manning,QB,5900,Den@SD 04:05PM ET,12.422,Den,,,,,,,,,,,,,
40,Chris Ivory,RB,5900,NYJ@NYG 01:00PM ET,16.66,NYJ,15.0,18.0,12.9,16.4,13.03,14.536,14.97766667,18.0,12.9,5.1,0.340506977,3.022333333,10.9
41,Doug Martin,RB,5900,Atl@TB 01:00PM ET,16.245,TB,20.0,20.2,13.31,12.9,16.2,16.67,16.54666667,20.2,12.9,7.3,0.441176471,3.653333333,16.0
42,DeMarco Murray,RB,5800,Phi@NE 04:25PM ET,15.5,Phi,11.0,14.9,13.07,15.2,15.54,16.027,14.2895,16.027,11.0,5.027,0.351796774,1.7375,2.4
43,Lamar Miller,RB,5800,Bal@Mia 01:00PM ET,16.073,Mia,12.5,12.6,14.98,7.8,15.49,14.767,13.02283333,15.49,7.8,7.69,0.590501299,2.467166667,14.8
44,Tyler Eifert,TE,5800,Cin@Cle 01:00PM ET,15.745,Cin,,19.8,,20.1,,,19.95,20.1,19.8,0.3,0.015037594,0.15,
45,Jordan Matthews,WR,5800,Phi@NE 04:25PM ET,13.045,Phi,16.0,12.0,11.48,11.3,13.07,11.811,12.61016667,16.0,11.3,4.7,0.372715137,3.389833333,12.6
46,Delanie Walker,TE,5700,Jax@Ten 01:00PM ET,15.28,Ten,18.5,18.8,8.59,19.0,13.66,13.992,15.42366667,19.0,8.59,10.41,0.674936785,3.576333333,23.2
47,LeSean McCoy,RB,5700,Hou@Buf 01:00PM ET,17.322,Buf,19.5,14.7,15.99,15.5,24.21,17.277,17.86283333,24.21,14.7,9.51,0.532390345,6.347166667,14.2
48,T.Y. Hilton,WR,5700,Ind@Pit 08:30PM ET,15.082,Ind,18.5,19.3,16.39,26.4,16.15,15.152,18.64866667,26.4,15.152,11.248,0.60315304,7.751333333,6.6
49,Allen Hurns,WR,5700,Jax@Ten 01:00PM ET,15.8,Jax,,18.0,,,,,18.0,18.0,18.0,0.0,0.0,0.0,
50,DeAngelo Williams,RB,5600,Ind@Pit 08:30PM ET,12.982,Pit,20.5,15.9,15.46,17.5,22.19,17.154,18.11733333,22.19,15.46,6.73,0.371467471,4.072666667,23.5
51,Tony Romo,QB,5600,Dal@Was 08:30PM ET,12.915,Dal,,,,,,,,,,,,,
52,Russell Wilson,QB,5600,Sea@Min 01:00PM ET,19.529,Sea,15.5,25.04,17.63,15.64,18.598,18.4734,18.48023333,25.04,15.5,9.54,0.516227248,6.559766667,34.06
53,Martavis Bryant,WR,5600,Ind@Pit 08:30PM ET,20.35,Pit,20.5,17.9,11.99,18.2,15.35,12.481,16.07016667,20.5,11.99,8.51,0.529552691,4.429833333,24.4
54,Sammy Watkins,WR,5600,Hou@Buf 01:00PM ET,14.95,Buf,20.5,16.0,12.33,8.6,14.62,13.251,14.21683333,20.5,8.6,11.9,0.837035908,6.283166667,22.9
55,Marcus Mariota,QB,5500,Jax@Ten 01:00PM ET,19.051,Ten,18.1,29.28,15.19,20.28,17.98,15.5672,19.39953333,29.28,15.19,14.09,0.726306131,9.880466667,40.92
56,Javorius Allen,RB,5400,Bal@Mia 01:00PM ET,6.082,Bal,19.0,14.6,11.88,17.6,16.18,13.978,15.53966667,19.0,11.88,7.12,0.458182286,3.460333333,38.0
57,Thomas Rawls,RB,5400,Sea@Min 01:00PM ET,10.264,Sea,17.5,26.2,14.03,18.2,14.67,14.158,17.45966667,26.2,14.03,12.17,0.697035071,8.740333333,23.3
58,Matt Hasselbeck,QB,5300,Ind@Pit 08:30PM ET,17.555,Ind,18.2,12.4,16.84,14.04,17.574,16.3796,15.9056,18.2,12.4,5.8,0.364651444,2.2944,7.86
59,Gary Barnidge,TE,5300,Cin@Cle 01:00PM ET,16.527,Cle,18.5,19.0,12.98,19.5,14.16,14.433,16.42883333,19.5,12.98,6.52,0.396863238,3.071166667,10.9
60,Darren McFadden,RB,5300,Dal@Was 08:30PM ET,13.009,Dal,15.5,14.1,12.9,8.4,15.77,15.433,13.68383333,15.77,8.4,7.37,0.538591769,2.086166667,10.9
61,Jonathan Stewart,RB,5300,Car@NO 04:25PM ET,12.327,Car,16.5,16.5,12.88,17.4,15.53,15.371,15.69683333,17.4,12.88,4.52,0.28795617,1.703166667,19.3
62,Ryan Tannehill,QB,5300,Bal@Mia 01:00PM ET,18.84,Mia,18.3,18.18,19.49,19.68,19.194,15.6156,18.40993333,19.68,15.6156,4.0644,0.220772119,1.270066667,8.54
63,Jordan Reed,TE,5300,Dal@Was 08:30PM ET,15.9,Was,17.0,12.2,13.74,5.8,11.81,14.912,12.577,17.0,5.8,11.2,0.890514431,4.423,6.3
64,Jeremy Langford,RB,5300,SF@Chi 01:00PM ET,10.545,Chi,18.0,4.9,13.41,12.4,12.42,10.648,11.963,18.0,4.9,13.1,1.095043049,6.037,8.8
65,Jameis Winston,QB,5300,Atl@TB 01:00PM ET,18.136,TB,18.0,20.46,17.81,18.16,16.274,17.0752,17.9632,20.46,16.274,4.186,0.233031976,2.4968,19.58
66,Ryan Fitzpatrick,QB,5200,NYJ@NYG 01:00PM ET,17.976,NYJ,19.6,21.48,17.21,25.2,19.388,18.981,20.30983333,25.2,17.21,7.99,0.393405493,4.890166667,28.8
67,Jeremy Maclin,WR,5200,KC@Oak 04:05PM ET,16.1,KC,13.5,18.2,15.96,19.2,14.28,14.421,15.92683333,19.2,13.5,5.7,0.357886586,3.273166667,29.5
68,Tyrod Taylor,QB,5200,Hou@Buf 01:00PM ET,19.089,Buf,15.0,15.14,17.44,12.6,16.916,16.1798,15.54596667,17.44,12.6,4.84,0.311334773,1.894033333,29.24
69,Kirk Cousins,QB,5200,Dal@Was 08:30PM ET,17.88,Was,18.1,16.44,16.5,13.4,13.35,16.9636,15.79226667,18.1,13.35,4.75,0.300780129,2.307733333,13.36
70,Travis Benjamin,WR,5200,Cin@Cle 01:00PM ET,16.355,Cle,19.5,17.0,10.68,15.7,14.15,12.744,14.96233333,19.5,10.68,8.82,0.58948025,4.537666667,
71,Brock Osweiler,QB,5200,Den@SD 04:05PM ET,10.81,Den,18.5,22.42,16.92,24.3,15.994,17.1836,19.2196,24.3,15.994,8.306,0.432163,5.0804,9.74
72,Charcandrick West,RB,5200,KC@Oak 04:05PM ET,9.72,KC,14.5,14.8,13.53,15.3,14.37,13.897,14.3995,15.3,13.53,1.77,0.122920935,0.9005,6.4
73,Josh McCown,QB,5100,Cin@Cle 01:00PM ET,18.895,Cle,,,,,,,,,,,,,
74,Matt Cassel,QB,5100,Dal@Was 08:30PM ET,10.097,Dal,13.3,24.56,12.93,15.38,13.288,13.8766,15.55576667,24.56,12.93,11.63,0.747632711,9.004233333,8.58
75,Jay Cutler,QB,5100,SF@Chi 01:00PM ET,17.67,Chi,19.1,18.04,17.9,19.22,17.272,18.9736,18.4176,19.22,17.272,1.948,0.105768395,0.8024,8.08
76,Alex Smith,QB,5100,KC@Oak 04:05PM ET,17.595,KC,16.1,16.98,18.4,19.44,16.258,17.676,17.47566667,19.44,16.1,3.34,0.191122895,1.964333333,24.78
77,Mark Sanchez,QB,5100,Phi@NE 04:25PM ET,12.613,Phi,,,,,,,,,,,,,
78,DeSean Jackson,WR,5100,Dal@Was 08:30PM ET,9.04,Was,17.0,19.2,11.92,10.0,10.18,13.846,13.691,19.2,10.0,9.2,0.67197429,5.509,19.0
79,Sam Bradford,QB,5100,Phi@NE 04:25PM ET,14.887,Phi,13.5,12.4,13.8,9.68,16.476,14.5286,13.39743333,16.476,9.68,6.796,0.507261341,3.078566667,12.7
80,LeGarrette Blount,RB,5100,Phi@NE 04:25PM ET,11.49,NE,14.5,11.6,11.24,6.9,14.26,13.057,11.92616667,14.5,6.9,7.6,0.637254217,2.573833333,5.4
81,Mike Vick,QB,5000,Ind@Pit 08:30PM ET,6.348,Pit,,,,,,,,,,,,,
82,Charlie Whitehurst,QB,5000,Ind@Pit 08:30PM ET,0.0,Ind,,,,,,,,,,,,,2.04
83,Tarvaris Jackson,QB,5000,Sea@Min 01:00PM ET,0.0,Sea,,,,,,,,,,,,,
84,Derek Anderson,QB,5000,Car@NO 04:25PM ET,0.2,Car,,,,,,,,,,,,,
85,Kellen Clemens,QB,5000,Den@SD 04:05PM ET,6.52,SD,,,,,,,,,,,,,
86,Shaun Hill,QB,5000,Sea@Min 01:00PM ET,0.25,Min,,,,,,,,,,,,,
87,Matt Moore,QB,5000,Bal@Mia 01:00PM ET,0.36,Mia,,,,,,,,,,,,,
88,Drew Stanton,QB,5000,Ari@StL 01:00PM ET,-0.067,Ari,,,,,,,,,,,,,
89,Matt Flynn,QB,5000,Car@NO 04:25PM ET,0.0,NO,,,,,,,,,,,,,
90,Matt Schaub,QB,5000,Bal@Mia 01:00PM ET,16.28,Bal,14.1,9.98,15.97,11.98,16.734,16.181,14.1575,16.734,9.98,6.754,0.477061628,2.5765,17.32
91,Brian Hoyer,QB,5000,Hou@Buf 01:00PM ET,17.045,Hou,18.1,9.98,12.91,17.74,15.582,15.409,14.9535,18.1,9.98,8.12,0.543016685,3.1465,24.22
92,Chad Henne,QB,5000,Jax@Ten 01:00PM ET,0.0,Jax,,,,,,,,,,,,,
93,Josh Johnson,QB,5000,Hou@Buf 01:00PM ET,0.0,Buf,,,,,,,,,,,,,
94,Joe Webb,QB,5000,Car@NO 04:25PM ET,-0.009,Car,,,,,,,,,,,,,
95,Chase Daniel,QB,5000,KC@Oak 04:05PM ET,0.16,KC,,,,,,,,,,,,,
96,Colt McCoy,QB,5000,Dal@Was 08:30PM ET,0.0,Was,,,,,,,,,,,,,
97,T.J. Yates,QB,5000,Hou@Buf 01:00PM ET,11.11,Hou,,,,,,,,,,,,,
98,Christian Ponder,QB,5000,Den@SD 04:05PM ET,0.0,Den,,,,,,,,,,,,,
99,Thaddeus Lewis,QB,5000,Phi@NE 04:25PM ET,0.0,Phi,,,,,,,,,,,,,
100,Case Keenum,QB,5000,Ari@StL 01:00PM ET,3.72,StL,,,,,,,,,,,,,
101,Jimmy Clausen,QB,5000,Bal@Mia 01:00PM ET,2.387,Bal,,,,,,,,,,,,,
102,Brandon Weeden,QB,5000,Hou@Buf 01:00PM ET,9.63,Hou,,,,,,,,,,,,,
103,Austin Davis,QB,5000,Cin@Cle 01:00PM ET,7.78,Cle,17.6,,11.29,,16.728,14.6162,15.05855,17.6,11.29,6.31,0.419031049,2.54145,7.6
104,Nick Foles,QB,5000,Ari@StL 01:00PM ET,10.344,StL,11.3,16.72,12.45,17.72,12.814,9.4914,13.4159,17.72,9.4914,8.2286,0.61334685,4.3041,4.64
105,Landry Jones,QB,5000,Ind@Pit 08:30PM ET,5.444,Pit,,,,,,,,,,,,,
106,Robert Griffin III,QB,5000,Dal@Was 08:30PM ET,0.0,Was,,,,,,,,,,,,,
107,EJ Manuel,QB,5000,Hou@Buf 01:00PM ET,10.56,Buf,,,,,,,,,,,,,
108,Blaine Gabbert,QB,5000,SF@Chi 01:00PM ET,17.727,SF,13.5,22.02,14.56,18.92,10.944,15.6336,15.9296,22.02,10.944,11.076,0.695309361,6.0904,25.34
109,Sean Renfree,QB,5000,Atl@TB 01:00PM ET,-0.4,Atl,,,,,,,,,,,,,
110,Mike Glennon,QB,5000,Atl@TB 01:00PM ET,0.0,TB,,,,,,,,,,,,,
111,Ryan Nassib,QB,5000,NYJ@NYG 01:00PM ET,0.0,NYG,,,,,,,,,,,,,
112,Ryan Griffin,QB,5000,Atl@TB 01:00PM ET,0.0,TB,6.0,3.4,4.47,4.1,6.64,3.172,4.630333333,6.64,3.172,3.468,0.748974156,2.009666667,11.9
113,Matt McGloin,QB,5000,KC@Oak 04:05PM ET,5.84,Oak,,,,,,,,,,,,,
114,Matt Barkley,QB,5000,Ari@StL 01:00PM ET,0.0,Ari,,,,,,,,,,,,,
115,Zach Mettenberger,QB,5000,Jax@Ten 01:00PM ET,4.185,Ten,,,,,,,,,,,,,
116,Aaron Murray,QB,5000,KC@Oak 04:05PM ET,0.0,KC,,,,,,,,,,,,,
117,Bryce Petty,QB,5000,NYJ@NYG 01:00PM ET,0.0,NYJ,,,,,,,,,,,,,
118,AJ McCarron,QB,5000,Cin@Cle 01:00PM ET,-0.04,Cin,,,,,,,,,,,,,
119,David Fales,QB,5000,SF@Chi 01:00PM ET,0.0,Chi,,,,,,,,,,,,,
120,Geno Smith,QB,5000,NYJ@NYG 01:00PM ET,21.0,NYJ,,,,,,,,,,,,,
121,Garrett Grayson,QB,5000,Car@NO 04:25PM ET,0.0,NO,,,,,,,,,,,,,
122,Trevor Siemian,QB,5000,Den@SD 04:05PM ET,0.0,Den,,,,,,,,,,,,,
123,Dylan Thompson,QB,5000,SF@Chi 01:00PM ET,0.0,SF,,,,,,,,,,,,,
124,Jimmy Garoppolo,QB,5000,Phi@NE 04:25PM ET,-0.125,NE,,,,,,,,,,,,,
125,Sean Mannion,QB,5000,Ari@StL 01:00PM ET,1.24,StL,,,,,,,,,,,,,
126,Teddy Bridgewater,QB,5000,Sea@Min 01:00PM ET,13.345,Min,13.6,14.7,12.41,13.4,12.586,13.9696,13.44426667,14.7,12.41,2.29,0.170332831,1.255733333,3.92
127,Johnny Manziel,QB,5000,Cin@Cle 01:00PM ET,9.189,Cle,,,1.394,,,,1.394,1.394,1.394,0.0,0.0,0.0,
128,Taylor Heinicke,QB,5000,Sea@Min 01:00PM ET,0.0,Min,,,,,,,,,,,,,
129,Antonio Gates,TE,4900,Den@SD 04:05PM ET,15.683,SD,16.5,13.2,11.17,13.2,12.14,11.953,13.02716667,16.5,11.17,5.33,0.409144992,3.472833333,11.0
130,Spencer Ware,RB,4900,KC@Oak 04:05PM ET,9.167,KC,11.5,,10.54,12.1,8.34,4.964,9.4888,12.1,4.964,7.136,0.752044516,2.6112,10.5
131,Brandon LaFell,WR,4800,Phi@NE 04:25PM ET,9.7,NE,18.0,17.8,14.58,16.7,16.38,13.791,16.2085,18.0,13.791,4.209,0.259678564,1.7915,6.7
132,Danny Woodhead,RB,4800,Den@SD 04:05PM ET,14.855,SD,18.0,17.8,11.93,10.4,13.1,8.504,13.289,18.0,8.504,9.496,0.714575965,4.711,6.4
133,Kamar Aiken,WR,4800,Bal@Mia 01:00PM ET,10.873,Bal,20.5,15.4,15.59,16.4,13.78,15.314,16.164,20.5,13.78,6.72,0.415738679,4.336,10.8
134,Latavius Murray,RB,4800,KC@Oak 04:05PM ET,13.464,Oak,11.5,7.9,13.24,5.7,12.95,13.445,10.78916667,13.445,5.7,7.745,0.717849695,2.655833333,19.7
135,John Brown,WR,4800,Ari@StL 01:00PM ET,14.36,Ari,17.5,14.4,15.15,7.0,12.16,10.615,12.80416667,17.5,7.0,10.5,0.820045558,4.695833333,20.3
136,Jeremy Hill,RB,4800,Cin@Cle 01:00PM ET,10.127,Cin,14.5,16.6,10.81,16.0,11.22,14.553,13.94716667,16.6,10.81,5.79,0.415138081,2.652833333,15.8
137,T.J. Yeldon,RB,4800,Jax@Ten 01:00PM ET,13.1,Jax,13.5,23.4,13.89,16.1,12.11,15.0674,15.6779,23.4,12.11,11.29,0.720121955,7.7221,23.6
138,Tevin Coleman,RB,4800,Atl@TB 01:00PM ET,4.678,Atl,3.0,8.5,6.07,2.8,2.39,4.244,4.500666667,8.5,2.39,6.11,1.357576655,3.999333333,2.7
139,Jason Witten,TE,4700,Dal@Was 08:30PM ET,10.618,Dal,8.5,17.6,9.81,16.6,8.88,10.617,12.00116667,17.6,8.5,9.1,0.758259614,5.598833333,9.5
140,Vincent Jackson,WR,4700,Atl@TB 01:00PM ET,12.138,TB,16.5,18.0,12.68,15.1,10.78,11.008,14.01133333,18.0,10.78,7.22,0.51529714,3.988666667,11.7
141,Danny Amendola,WR,4700,Phi@NE 04:25PM ET,12.01,NE,20.5,8.0,13.26,7.8,17.42,16.574,13.92566667,20.5,7.8,12.7,0.911985064,6.574333333,20.64
142,Stevie Johnson,WR,4700,Den@SD 04:05PM ET,12.522,SD,11.5,11.4,9.47,4.4,12.95,14.967,10.78116667,14.967,4.4,10.567,0.980135112,4.185833333,
143,Travis Kelce,TE,4700,KC@Oak 04:05PM ET,13.718,KC,18.5,16.2,13.9,17.1,13.9,12.259,15.30983333,18.5,12.259,6.241,0.407646502,3.190166667,7.2
144,Stefon Diggs,WR,4700,Sea@Min 01:00PM ET,15.038,Min,9.0,16.8,11.97,18.7,10.7,11.848,13.16966667,18.7,9.0,9.7,0.736541041,5.530333333,3.6
145,Chris Johnson,RB,4600,Ari@StL 01:00PM ET,11.018,Ari,,,,,,,,,,,,,
146,Alfred Blue,RB,4600,Hou@Buf 01:00PM ET,7.927,Hou,8.5,5.5,9.09,5.9,9.38,10.629,8.1665,10.629,5.5,5.129,0.628053634,2.4625,1.4
147,Donte Moncrief,WR,4600,Ind@Pit 08:30PM ET,13.309,Ind,19.0,15.7,13.65,15.5,13.69,11.825,14.89416667,19.0,11.825,7.175,0.481732222,4.105833333,4.3
148,Jimmy Graham,TE,4500,Sea@Min 01:00PM ET,11.227,Sea,,,,,,,,,,,,,
149,Ronnie Hillman,RB,4500,Den@SD 04:05PM ET,10.636,Den,8.5,15.9,10.05,16.2,8.73,10.407,11.63116667,16.2,8.5,7.7,0.662014415,4.568833333,5.6
150,Giovani Bernard,RB,4500,Cin@Cle 01:00PM ET,13.618,Cin,11.0,24.0,13.47,17.6,12.11,13.56,15.29,24.0,11.0,13.0,0.850228908,8.71,4.5
151,Willie Snead,WR,4500,Car@NO 04:25PM ET,12.055,NO,,17.2,,9.5,,,13.35,17.2,9.5,7.7,0.576779026,3.85,
152,Benjamin Watson,TE,4400,Car@NO 04:25PM ET,12.127,NO,,9.4,9.47,11.6,12.14,10.54,10.63,12.14,9.4,2.74,0.257761054,1.51,13.8
153,Frank Gore,RB,4300,Ind@Pit 08:30PM ET,12.1,Ind,9.5,14.2,14.01,8.8,12.45,11.039,11.6665,14.2,8.8,5.4,0.462863755,2.5335,18.4
154,Kendall Wright,WR,4300,Jax@Ten 01:00PM ET,11.113,Ten,18.5,15.6,10.07,16.4,11.82,11.108,13.91633333,18.5,10.07,8.43,0.605763012,4.583666667,5.8
155,Tavon Austin,WR,4300,Ari@StL 01:00PM ET,13.427,StL,16.0,8.3,7.31,7.7,10.9,10.144,10.059,16.0,7.31,8.69,0.863902972,5.941,4.8
156,Pierre Garcon,WR,4200,Dal@Was 08:30PM ET,10.709,Was,7.0,17.4,11.45,9.1,7.73,9.061,10.29016667,17.4,7.0,10.4,1.01067362,7.109833333,10.4
157,Shane Vereen,RB,4200,NYJ@NYG 01:00PM ET,10.227,NYG,8.0,19.2,9.71,7.4,9.28,5.714,9.884,19.2,5.714,13.486,1.364427357,9.316,4.0
158,Anquan Boldin,WR,4100,SF@Chi 01:00PM ET,13.089,SF,19.0,18.2,13.58,14.9,11.92,12.412,15.002,19.0,11.92,7.08,0.471937075,3.998,8.7
159,Terrance Williams,WR,4100,Dal@Was 08:30PM ET,9.1,Dal,7.0,13.4,9.04,11.6,7.39,7.802,9.372,13.4,7.0,6.4,0.68288519,4.028,8.3
160,Shaun Draughn,RB,4000,SF@Chi 01:00PM ET,5.75,SF,12.0,16.9,15.3,13.3,16.07,12.775,14.39083333,16.9,12.0,4.9,0.340494528,2.509166667,19.6
161,Julius Thomas,TE,4000,Jax@Ten 01:00PM ET,11.186,Jax,18.5,15.2,13.03,14.4,12.1,9.893,13.85383333,18.5,9.893,8.607,0.621272091,4.646166667,9.5
162,Rishard Matthews,WR,4000,Bal@Mia 01:00PM ET,12.691,Mia,,15.4,,,,,15.4,15.4,15.4,0.0,0.0,0.0,
163,Marquess Wilson,WR,4000,SF@Chi 01:00PM ET,7.582,Chi,,3.8,,,,,3.8,3.8,3.8,0.0,0.0,0.0,
164,Cardinals ,DST,3900,Ari@StL 01:00PM ET,9.273,Ari,10.0,10.0,10.0,10.0,10.0,10.0,10.0,10.0,10.0,0.0,0.0,0.0,
165,Rueben Randle,WR,3900,NYJ@NYG 01:00PM ET,10.736,NYG,7.0,15.4,9.9,14.8,9.18,9.055,10.88916667,15.4,7.0,8.4,0.771408893,4.510833333,4.2
166,Nate Washington,WR,3800,Hou@Buf 01:00PM ET,11.878,Hou,15.5,4.0,9.23,4.5,9.28,8.155,8.444166667,15.5,4.0,11.5,1.361886904,7.055833333,10.4
167,Doug Baldwin,WR,3800,Sea@Min 01:00PM ET,14.582,Sea,17.0,15.3,13.63,8.7,12.03,9.828,12.748,17.0,8.7,8.3,0.651082523,4.252,26.4
168,Michael Floyd,WR,3800,Ari@StL 01:00PM ET,10.86,Ari,9.0,7.8,10.38,7.7,10.61,8.353,8.973833333,10.61,7.7,2.91,0.324276136,1.636166667,20.4
169,Marvin Jones,WR,3800,Cin@Cle 01:00PM ET,10.664,Cin,14.0,16.8,9.95,16.3,11.37,7.61,12.67166667,16.8,7.61,9.19,0.725240037,4.128333333,16.5
170,Carlos Hyde,RB,3800,SF@Chi 01:00PM ET,12.043,SF,,,,,,,,,,,,,
171,Terrance West,RB,3800,Bal@Mia 01:00PM ET,2.267,Bal,3.5,,7.44,11.2,5.38,,6.88,11.2,3.5,7.7,1.119186047,4.32,4.6
172,Duke Johnson Jr.,RB,3800,Cin@Cle 01:00PM ET,10.782,Cle,10.5,15.4,10.46,10.0,11.9,7.48,10.95666667,15.4,7.48,7.92,0.722847581,4.443333333,7.2
173,Matt Jones,RB,3800,Dal@Was 08:30PM ET,10.28,Was,8.0,17.0,9.85,13.2,8.87,6.009,10.48816667,17.0,6.009,10.991,1.04794292,6.511833333,6.4
174,Jacob Tamme,TE,3700,Atl@TB 01:00PM ET,10.45,Atl,10.0,1.6,9.54,1.8,11.6,11.559,7.683166667,11.6,1.6,10.0,1.301546671,3.916833333,5.6
175,Alfred Morris,RB,3700,Dal@Was 08:30PM ET,6.064,Was,6.0,11.1,8.56,11.7,8.53,8.9858,9.145966667,11.7,6.0,5.7,0.623225538,2.554033333,1.2
176,Kyle Rudolph,TE,3700,Sea@Min 01:00PM ET,8.827,Min,8.0,8.8,6.87,11.5,7.79,6.364,8.220666667,11.5,6.364,5.136,0.624766848,3.279333333,4.3
177,Devin Funchess,WR,3700,Car@NO 04:25PM ET,5.318,Car,10.0,11.4,7.26,11.1,8.6,6.558,9.153,11.4,6.558,4.842,0.529006883,2.247,8.3
178,Seahawks ,DST,3600,Sea@Min 01:00PM ET,10.455,Sea,9.4,9.4,9.4,9.4,9.4,9.4,9.4,9.4,9.4,0.0,0.0,0.0,
179,Ted Ginn Jr.,WR,3600,Car@NO 04:25PM ET,9.455,Car,9.0,9.4,8.68,8.3,10.69,7.123,8.8655,10.69,7.123,3.567,0.402346173,1.8245,25.0
180,Malcom Floyd,WR,3600,Den@SD 04:05PM ET,8.21,SD,4.0,,5.8,,8.57,7.638,6.502,8.57,4.0,4.57,0.702860658,2.068,
181,Ahmad Bradshaw,RB,3600,Ind@Pit 08:30PM ET,7.15,Ind,,,,,,,,,,,,,
182,Rashad Jennings,RB,3600,NYJ@NYG 01:00PM ET,8.409,NYG,6.5,9.3,8.8,3.5,8.68,6.434,7.202333333,9.3,3.5,5.8,0.80529458,2.097666667,4.3
183,Martellus Bennett,TE,3600,SF@Chi 01:00PM ET,11.05,Chi,16.5,18.0,11.12,20.5,10.85,10.36,14.555,20.5,10.36,10.14,0.696667812,5.945,4.4
184,Kenny Britt,WR,3600,Ari@StL 01:00PM ET,6.673,StL,5.0,7.7,7.82,5.5,8.22,7.294,6.922333333,8.22,5.0,3.22,0.465161073,1.297666667,6.1
185,Leonard Hankerson,WR,3600,Atl@TB 01:00PM ET,9.963,Atl,,13.8,,,,,13.8,13.8,13.8,0.0,0.0,0.0,
186,Cole Beasley,WR,3600,Dal@Was 08:30PM ET,8.836,Dal,6.0,10.6,7.17,4.2,4.79,5.125,6.314166667,10.6,4.2,6.4,1.013593771,4.285833333,
187,Markus Wheaton,WR,3600,Ind@Pit 08:30PM ET,8.127,Pit,5.0,3.5,9.75,3.1,8.65,5.376,5.896,9.75,3.1,6.65,1.127883311,3.854,14.0
188,Kyle Juszczyk,RB,3600,Bal@Mia 01:00PM ET,5.7,Bal,,,4.56,,7.01,1.599,4.389666667,7.01,1.599,5.411,1.232667629,2.620333333,
189,Crockett Gillmore,TE,3600,Bal@Mia 01:00PM ET,11.056,Bal,9.0,2.6,12.84,2.4,8.83,8.733,7.4005,12.84,2.4,10.44,1.410715492,5.4395,1.7
190,Cecil Shorts III,WR,3600,Hou@Buf 01:00PM ET,11.605,Hou,8.5,7.8,6.72,14.8,9.0,7.1418,8.993633333,14.8,6.72,8.08,0.898413322,5.806366667,15.2
191,Antonio Andrews,RB,3600,Jax@Ten 01:00PM ET,8.644,Ten,7.0,13.2,8.28,12.7,12.08,11.391,10.77516667,13.2,7.0,6.2,0.575397132,2.424833333,13.8
192,Karlos Williams,RB,3600,Hou@Buf 01:00PM ET,12.35,Buf,,1.3,,,,,1.3,1.3,1.3,0.0,0.0,0.0,
193,Seth Roberts,WR,3600,KC@Oak 04:05PM ET,7.564,Oak,,,4.71,,6.13,1.543,4.127666667,6.13,1.543,4.587,1.111281596,2.002333333,9.1
194,Panthers ,DST,3500,Car@NO 04:25PM ET,11.273,Car,9.1,9.1,9.1,9.1,9.1,9.1,9.1,9.1,9.1,0.0,0.0,0.0,
195,Harry Douglas,WR,3500,Jax@Ten 01:00PM ET,6.211,Ten,6.5,15.6,6.59,15.2,7.52,4.505,9.319166667,15.6,4.505,11.095,1.190557096,6.280833333,1.8
196,Charles Clay,TE,3500,Hou@Buf 01:00PM ET,9.664,Buf,8.0,14.0,8.91,13.6,8.87,9.438,10.46966667,14.0,8.0,6.0,0.573084148,3.530333333,16.6
197,Robert Turbin,RB,3500,Dal@Was 08:30PM ET,3.16,Dal,2.0,,5.48,,4.69,2.794,3.741,5.48,2.0,3.48,0.930232558,1.739,4.4
198,Andre Ellington,RB,3500,Ari@StL 01:00PM ET,8.538,Ari,,4.1,,,,,4.1,4.1,4.1,0.0,0.0,0.0,
199,Knile Davis,RB,3500,KC@Oak 04:05PM ET,1.733,KC,,9.9,,4.0,,,6.95,9.9,4.0,5.9,0.848920863,2.95,
200,Charles Sims,RB,3500,Atl@TB 01:00PM ET,10.009,TB,8.5,8.0,9.96,7.1,9.39,8.556,8.584333333,9.96,7.1,2.86,0.333165068,1.375666667,9.7
201,Terron Ward,RB,3500,Atl@TB 01:00PM ET,2.764,Atl,,2.6,,2.7,,1.709,2.336333333,2.7,1.709,0.991,0.424168926,0.363666667,
202,Jamison Crowder,WR,3500,Dal@Was 08:30PM ET,8.645,Was,4.5,10.5,8.17,9.0,6.53,10.651,8.225166667,10.651,4.5,6.151,0.747826792,2.425833333,5.9
203,C.J. Anderson,RB,3500,Den@SD 04:05PM ET,10.073,Den,15.5,5.2,10.88,5.5,13.33,9.477,9.981166667,15.5,5.2,10.3,1.031943494,5.518833333,6.4
204,Bengals ,DST,3400,Cin@Cle 01:00PM ET,8.455,Cin,9.0,9.0,9.0,9.0,9.0,9.0,9.0,9.0,9.0,0.0,0.0,0.0,
205,Broncos ,DST,3400,Den@SD 04:05PM ET,12.0,Den,9.1,9.1,9.1,9.1,9.1,9.1,9.1,9.1,9.1,0.0,0.0,0.0,
206,Patriots ,DST,3400,Phi@NE 04:25PM ET,7.909,NE,8.6,8.6,8.6,8.6,8.6,8.6,8.6,8.6,8.6,0.0,0.0,0.0,
207,Darren Sproles,RB,3400,Phi@NE 04:25PM ET,8.782,Phi,7.5,16.8,8.47,11.9,11.84,8.387,10.81616667,16.8,7.5,9.3,0.859824029,5.983833333,14.0
208,Brian Hartline,WR,3400,Cin@Cle 01:00PM ET,7.53,Cle,9.5,5.4,9.23,5.7,11.94,6.509,8.0465,11.94,5.4,6.54,0.812775741,3.8935,16.3
209,Jermaine Kearse,WR,3400,Sea@Min 01:00PM ET,8.173,Sea,8.0,9.0,10.02,7.6,8.04,7.983,8.4405,10.02,7.6,2.42,0.286712872,1.5795,
210,Chris Givens,WR,3400,Bal@Mia 01:00PM ET,4.43,Bal,8.0,6.8,6.87,6.9,8.11,6.0678,7.124633333,8.11,6.0678,2.0422,0.286639312,0.985366667,9.8
211,David Johnson,RB,3400,Ari@StL 01:00PM ET,9.455,Ari,17.5,16.2,18.48,9.7,17.93,15.241,15.84183333,18.48,9.7,8.78,0.554228782,2.638166667,20.0
212,Devin Smith,WR,3400,NYJ@NYG 01:00PM ET,3.188,NYJ,4.0,3.2,3.88,4.0,5.3,1.557,3.656166667,5.3,1.557,3.743,1.023749829,1.643833333,
213,Melvin Gordon,RB,3400,Den@SD 04:05PM ET,8.182,SD,6.0,3.2,9.23,4.1,9.78,8.743,6.842166667,9.78,3.2,6.58,0.961683677,2.937833333,6.3
214,Heath Miller,TE,3300,Ind@Pit 08:30PM ET,8.091,Pit,2.0,10.0,,11.9,,,7.966666667,11.9,2.0,9.9,1.242677824,3.933333333,
215,Andre Johnson,WR,3300,Ind@Pit 08:30PM ET,6.936,Ind,4.5,11.0,7.45,4.8,5.39,5.612,6.458666667,11.0,4.5,6.5,1.00639967,4.541333333,6.4
216,Andrew Hawkins,WR,3300,Cin@Cle 01:00PM ET,6.95,Cle,,7.9,,,,,7.9,7.9,7.9,0.0,0.0,0.0,
217,Marcel Reece,RB,3300,KC@Oak 04:05PM ET,5.818,Oak,2.5,1.4,5.74,1.9,3.6,2.108,2.874666667,5.74,1.4,4.34,1.50974026,2.865333333,5.3
218,Mike Wallace,WR,3300,Sea@Min 01:00PM ET,6.036,Min,5.0,15.9,6.66,17.4,6.46,5.763,9.5305,17.4,5.0,12.4,1.301085987,7.8695,6.3
219,Robert Woods,WR,3300,Hou@Buf 01:00PM ET,7.755,Buf,7.0,14.6,8.16,7.9,9.51,7.094,9.044,14.6,7.0,7.6,0.840336134,5.556,9.9
220,James White,RB,3300,Phi@NE 04:25PM ET,4.111,NE,7.5,6.2,8.95,7.2,7.26,3.583,6.782166667,8.95,3.583,5.367,0.791340034,2.167833333,30.9
221,David Cobb,RB,3300,Jax@Ten 01:00PM ET,0.25,Ten,4.0,12.7,3.03,11.4,5.4,1.908,6.406333333,12.7,1.908,10.792,1.684582965,6.293666667,4.0
222,DeVante Parker,WR,3300,Bal@Mia 01:00PM ET,2.69,Mia,13.0,3.0,6.55,2.6,10.49,6.317,6.992833333,13.0,2.6,10.4,1.487236933,6.007166667,15.3
223,Dorial Green-Beckham,WR,3300,Jax@Ten 01:00PM ET,4.936,Ten,6.5,11.6,6.62,6.1,7.99,8.024,7.805666667,11.6,6.1,5.5,0.704616304,3.794333333,25.9
224,Marques Colston,WR,3200,Car@NO 04:25PM ET,8.81,NO,7.0,16.4,9.97,16.1,11.38,5.8292,11.1132,16.4,5.8292,10.5708,0.951193176,5.2868,2.4
225,Roddy White,WR,3200,Atl@TB 01:00PM ET,5.855,Atl,6.0,4.4,9.99,4.1,9.86,5.958,6.718,9.99,4.1,5.89,0.876749032,3.272,6.3
226,Jerricho Cotchery,WR,3200,Car@NO 04:25PM ET,6.956,Car,4.0,4.6,7.84,4.6,6.22,6.008,5.544666667,7.84,4.0,3.84,0.692557413,2.295333333,11.6
227,Dwayne Harris,WR,3200,NYJ@NYG 01:00PM ET,8.309,NYG,15.0,2.6,6.32,2.3,8.6,5.1666,6.664433333,15.0,2.3,12.7,1.905638389,8.335566667,1.8
228,Dontrelle Inman,WR,3200,Den@SD 04:05PM ET,5.96,SD,9.0,3.0,6.15,2.3,9.99,4.448,5.814666667,9.99,2.3,7.69,1.322517771,4.175333333,2.5
229,Torrey Smith,WR,3200,SF@Chi 01:00PM ET,7.573,SF,5.5,12.4,8.62,4.6,5.08,5.331,6.921833333,12.4,4.6,7.8,1.126869086,5.478166667,15.6
230,Ryan Mathews,RB,3200,Phi@NE 04:25PM ET,11.733,Phi,,8.7,,,,,8.7,8.7,8.7,0.0,0.0,0.0,
231,Chris Polk,RB,3200,Hou@Buf 01:00PM ET,4.65,Hou,,1.5,5.47,2.2,4.25,3.504,3.3848,5.47,1.5,3.97,1.17289057,2.0852,14.2
232,Marlon Brown,WR,3200,Bal@Mia 01:00PM ET,2.52,Bal,,6.4,,6.7,,,6.55,6.7,6.4,0.3,0.045801527,0.15,
233,Kenny Stills,WR,3200,Bal@Mia 01:00PM ET,6.027,Mia,6.0,13.6,7.05,12.9,10.5,3.609,8.943166667,13.6,3.609,9.991,1.117165806,4.656833333,
234,Josh Huff,WR,3200,Phi@NE 04:25PM ET,6.04,Phi,4.0,6.4,4.35,6.4,3.76,4.731,4.940166667,6.4,3.76,2.64,0.534394926,1.459833333,
235,Isaiah Crowell,RB,3200,Cin@Cle 01:00PM ET,6.9,Cle,5.5,7.0,7.81,6.4,5.85,6.515,6.5125,7.81,5.5,2.31,0.354702495,1.2975,7.4
236,Nelson Agholor,WR,3200,Phi@NE 04:25PM ET,3.913,Phi,5.0,4.8,4.27,4.5,6.3,5.577,5.0745,6.3,4.27,2.03,0.400039413,1.2255,
237,Zach Miller,TE,3100,SF@Chi 01:00PM ET,5.836,Chi,2.0,,9.75,1.9,6.33,,4.995,9.75,1.9,7.85,1.571571572,4.755,1.6
238,Falcons ,DST,3000,Atl@TB 01:00PM ET,6.636,Atl,6.3,6.3,6.3,6.3,6.3,6.3,6.3,6.3,6.3,0.0,0.0,0.0,
239,Chiefs ,DST,3000,KC@Oak 04:05PM ET,9.273,KC,5.6,5.6,5.6,5.6,5.6,5.6,5.6,5.6,5.6,0.0,0.0,-8.88e-16,
240,Greg Jennings,WR,3000,Bal@Mia 01:00PM ET,2.836,Mia,,6.8,3.43,7.5,3.17,2.04,4.588,7.5,2.04,5.46,1.190061029,2.912,
241,Jason Avant,WR,3000,KC@Oak 04:05PM ET,1.836,KC,,,5.0,,4.14,3.246,4.128666667,5.0,3.246,1.754,0.424834491,0.871333333,
242,Vernon Davis,TE,3000,Den@SD 04:05PM ET,5.71,Den,6.0,11.8,6.56,6.4,7.24,7.922,7.653666667,11.8,6.0,5.8,0.757806716,4.146333333,4.5
243,Miles Austin,WR,3000,Phi@NE 04:25PM ET,3.764,Phi,2.0,3.0,3.72,2.6,3.51,2.737,2.927833333,3.72,2.0,1.72,0.587465133,0.792166667,
244,Andre Caldwell,WR,3000,Den@SD 04:05PM ET,2.655,Den,,5.0,2.61,4.9,2.15,2.912,3.5144,5.0,2.15,2.85,0.810949237,1.4856,
245,Dwayne Bowe,WR,3000,Cin@Cle 01:00PM ET,1.22,Cle,,1.4,,1.7,3.13,,2.076666667,3.13,1.4,1.73,0.833065811,1.053333333,
246,Tyler Clutts,RB,3000,Dal@Was 08:30PM ET,0.127,Dal,,,1.76,,,,1.76,1.76,1.76,0.0,0.0,0.0,
247,Brent Celek,TE,3000,Phi@NE 04:25PM ET,6.4,Phi,4.0,5.0,5.8,5.6,3.17,2.614,4.364,5.8,2.614,3.186,0.730064161,1.436,2.6
248,Eric Weems,WR,3000,Atl@TB 01:00PM ET,0.191,Atl,,,,,,1.016,1.016,1.016,1.016,0.0,0.0,0.0,
249,Matthew Slater,WR,3000,Phi@NE 04:25PM ET,0.0,NE,,,,,,,,,,,,,
250,Eddie Royal,WR,3000,SF@Chi 01:00PM ET,8.167,Chi,,12.8,,13.2,,5.722,10.574,13.2,5.722,7.478,0.707206355,2.626,
251,Wes Welker,WR,3000,Ari@StL 01:00PM ET,4.233,StL,4.0,,5.03,,2.61,3.742,3.8455,5.03,2.61,2.42,0.629306982,1.1845,3.5
252,Jerome Felton,RB,3000,Hou@Buf 01:00PM ET,0.218,Buf,,,1.31,,,,1.31,1.31,1.31,0.0,0.0,0.0,
253,Tim Hightower,RB,3000,Car@NO 04:25PM ET,1.533,NO,,,,,,,,,,,,,
254,Marcus Thigpen,WR,3000,Hou@Buf 01:00PM ET,-0.167,Buf,,,,,,1.02,1.02,1.02,1.02,0.0,0.0,0.0,
255,Cedric Peerman,RB,3000,Cin@Cle 01:00PM ET,0.0,Cin,,,,,,1.67,1.67,1.67,1.67,0.0,0.0,0.0,
256,Jerome Simpson,WR,3000,SF@Chi 01:00PM ET,2.133,SF,,,5.53,,,,5.53,5.53,5.53,0.0,0.0,0.0,
257,Mike Tolbert,RB,3000,Car@NO 04:25PM ET,4.691,Car,3.0,10.5,5.84,5.2,4.85,5.354,5.790666667,10.5,3.0,7.5,1.295187658,4.709333333,13.1
258,Darrius Heyward-Bey,WR,3000,Ind@Pit 08:30PM ET,4.536,Pit,,8.6,5.68,9.2,1.86,,6.335,9.2,1.86,7.34,1.158642463,2.865,3.1
259,Seyi Ajirotutu,WR,3000,Phi@NE 04:25PM ET,0.14,Phi,,,,,,,,,,,,,
260,Marlon Moore,WR,3000,Cin@Cle 01:00PM ET,1.05,Cle,,,4.51,,6.78,1.24,4.176666667,6.78,1.24,5.54,1.3264166,2.603333333,2.4
261,Brandon Tate,WR,3000,Cin@Cle 01:00PM ET,1.264,Cin,,,,,,4.768,4.768,4.768,4.768,0.0,0.0,0.0,
262,Darrel Young,RB,3000,Dal@Was 08:30PM ET,0.427,Was,,,2.32,,,,2.32,2.32,2.32,0.0,0.0,0.0,
263,Antone Smith,RB,3000,SF@Chi 01:00PM ET,0.22,Chi,,,,,,,,,,,,,
264,Donald Brown,RB,3000,Den@SD 04:05PM ET,0.3,SD,,,2.83,,1.15,,1.99,2.83,1.15,1.68,0.844221106,0.84,6.7
265,Jorvorskie Lane,RB,3000,Atl@TB 01:00PM ET,0.3,TB,,,,,,,,,,,,,
266,Jordan Norwood,WR,3000,Den@SD 04:05PM ET,2.971,Den,,3.4,3.07,4.0,,,3.49,4.0,3.07,0.93,0.266475645,0.51,
267,Hakeem Nicks,WR,3000,NYJ@NYG 01:00PM ET,1.4,NYG,,,1.91,,3.93,2.594,2.811333333,3.93,1.91,2.02,0.718520275,1.118666667,1.7
268,Bruce Miller,RB,3000,SF@Chi 01:00PM ET,1.664,SF,,,3.04,,,1.629,2.3345,3.04,1.629,1.411,0.60441208,0.7055,1.8
269,Marc Mariani,WR,3000,SF@Chi 01:00PM ET,1.336,Chi,,,3.13,,4.51,,3.82,4.51,3.13,1.38,0.361256545,0.69,5.3
270,Bryan Walters,WR,3000,Jax@Ten 01:00PM ET,7.1,Jax,,4.2,7.05,4.0,,4.452,4.9255,7.05,4.0,3.05,0.619226474,2.1245,3.8
271,Andre Roberts,WR,3000,Dal@Was 08:30PM ET,3.389,Was,,5.9,,4.7,,,5.3,5.9,4.7,1.2,0.226415094,0.6,
272,Jacoby Jones,WR,3000,Ind@Pit 08:30PM ET,0.0,Pit,,,,,,1.143,1.143,1.143,1.143,0.0,0.0,0.0,
273,Riley Cooper,WR,3000,Phi@NE 04:25PM ET,4.845,Phi,4.0,3.2,4.19,2.7,5.99,4.286,4.061,5.99,2.7,3.29,0.810145284,1.929,2.4
274,Fred Jackson,RB,3000,Sea@Min 01:00PM ET,4.536,Sea,3.0,2.5,4.42,2.6,5.63,1.2404,3.231733333,5.63,1.2404,4.3896,1.358280386,2.398266667,9.8
275,Boobie Dixon,RB,3000,Hou@Buf 01:00PM ET,1.609,Buf,,,,,2.9,,2.9,2.9,2.9,0.0,0.0,0.0,
276,Jeremy Ross,WR,3000,KC@Oak 04:05PM ET,2.5,Oak,,,,,,1.022,1.022,1.022,1.022,0.0,0.0,0.0,
277,Toby Gerhart,RB,3000,Jax@Ten 01:00PM ET,1.386,Jax,,9.9,,,,,9.9,9.9,9.9,0.0,0.0,0.0,
278,Chase Reynolds,RB,3000,Ari@StL 01:00PM ET,0.0,StL,,,,,,,,,,,,,
279,C.J. Spiller,RB,3000,Car@NO 04:25PM ET,7.24,NO,5.0,15.0,8.71,13.7,7.56,3.861,8.971833333,15.0,3.861,11.139,1.241552265,6.028166667,
280,Dexter McCluster,RB,3000,Jax@Ten 01:00PM ET,8.27,Ten,,,,,,,,,,,,,
281,Fozzy Whittaker,RB,3000,Car@NO 04:25PM ET,1.355,Car,,6.5,3.15,7.4,1.95,1.273,4.0546,7.4,1.273,6.127,1.511123169,3.3454,1.1
282,Marcus Easley,WR,3000,Hou@Buf 01:00PM ET,1.422,Buf,,,,,,,,,,,,,
283,Stevan Ridley,RB,3000,NYJ@NYG 01:00PM ET,0.125,NYJ,1.5,10.6,3.32,4.8,2.31,,4.506,10.6,1.5,9.1,2.019529516,6.094,
284,Matt Asiata,RB,3000,Sea@Min 01:00PM ET,2.973,Min,,2.4,2.84,3.3,3.4,,2.985,3.4,2.4,1.0,0.335008375,0.415,
285,Taiwan Jones,RB,3000,KC@Oak 04:05PM ET,3.538,Oak,,,,,,4.223,4.223,4.223,4.223,0.0,0.0,0.0,
286,Charles Johnson,WR,3000,Sea@Min 01:00PM ET,2.411,Min,5.0,5.3,4.27,6.4,,3.4596,4.88592,6.4,3.4596,2.9404,0.601810918,1.51408,
287,Brian Quick,WR,3000,Ari@StL 01:00PM ET,1.488,StL,,12.8,3.55,5.0,4.05,,6.35,12.8,3.55,9.25,1.456692913,6.45,2.4
288,Deonte Thompson,WR,3000,SF@Chi 01:00PM ET,0.0,Chi,,,,,,1.139,1.139,1.139,1.139,0.0,0.0,0.0,
289,Daniel Herron,RB,3000,Ind@Pit 08:30PM ET,1.74,Ind,4.0,,7.0,,5.84,3.68,5.13,7.0,3.68,3.32,0.647173489,1.87,5.4
290,Coby Fleener,TE,3000,Ind@Pit 08:30PM ET,8.018,Ind,8.0,14.0,9.34,15.8,9.31,5.64,10.34833333,15.8,5.64,10.16,0.981800612,5.451666667,6.0
291,Joe Banyard,RB,3000,Jax@Ten 01:00PM ET,0.0,Jax,,,,,,,,,,,,,
292,Jeremy Kerley,WR,3000,NYJ@NYG 01:00PM ET,3.927,NYJ,,8.4,5.33,9.4,,5.019,7.03725,9.4,5.019,4.381,0.622544318,2.36275,
293,Travaris Cadet,RB,3000,SF@Chi 01:00PM ET,0.6,SF,,,,,,,,,,,,,2.2
294,Anthony Sherman,RB,3000,KC@Oak 04:05PM ET,0.3,KC,,,1.73,,,,1.73,1.73,1.73,0.0,0.0,0.0,
295,Will Tukuafu,RB,3000,Sea@Min 01:00PM ET,0.689,Sea,,,,,,,,,,,,,
296,Bilal Powell,RB,3000,NYJ@NYG 01:00PM ET,8.029,NYJ,6.0,7.2,7.5,8.2,10.14,5.029,7.344833333,10.14,5.029,5.111,0.695863305,2.795166667,24.8
297,Will Johnson,RB,3000,Ind@Pit 08:30PM ET,0.936,Pit,,,2.39,,,1.775,2.0825,2.39,1.775,0.615,0.295318127,0.3075,2.0
298,Bobby Rainey,RB,3000,Atl@TB 01:00PM ET,0.582,TB,,11.5,,11.1,,1.327,7.975666667,11.5,1.327,10.173,1.27550466,3.524333333,
299,Roy Helu Jr.,RB,3000,KC@Oak 04:05PM ET,2.729,Oak,,7.8,6.17,8.2,,,7.39,8.2,6.17,2.03,0.274695535,0.81,2.5
300,Patrick DiMarco,RB,3000,Atl@TB 01:00PM ET,2.455,Atl,,,3.13,,1.12,1.054,1.768,3.13,1.054,2.076,1.174208145,1.362,3.8
301,Kenjon Barner,RB,3000,Phi@NE 04:25PM ET,1.3,Phi,,,3.9,,1.2,,2.55,3.9,1.2,2.7,1.058823529,1.35,5.6
302,Brice Butler,WR,3000,Dal@Was 08:30PM ET,3.45,Dal,,,,,,,,,,,,,
303,Zach Line,RB,3000,Sea@Min 01:00PM ET,2.1,Min,,,2.9,,1.27,,2.085,2.9,1.27,1.63,0.78177458,0.815,
304,Griff Whalen,WR,3000,Ind@Pit 08:30PM ET,3.518,Ind,4.0,,5.85,,3.86,2.9662,4.16905,5.85,2.9662,2.8838,0.691716338,1.68095,2.9
305,Brenton Bersin,WR,3000,Car@NO 04:25PM ET,2.05,Car,,,,,,,,,,,,,
306,Derrick Coleman,RB,3000,Sea@Min 01:00PM ET,0.144,Sea,,,,,,,,,,,,,
307,Jonathan Grimes,RB,3000,Hou@Buf 01:00PM ET,5.0,Hou,4.0,,6.59,,6.36,2.055,4.75125,6.59,2.055,4.535,0.954485662,1.83875,8.3
308,Frankie Hammond Jr.,WR,3000,KC@Oak 04:05PM ET,0.0,KC,,,,,,1.201,1.201,1.201,1.201,0.0,0.0,0.0,
309,Jaron Brown,WR,3000,Ari@StL 01:00PM ET,2.527,Ari,2.0,,2.46,,,,2.23,2.46,2.0,0.46,0.206278027,0.23,
310,T.J. Graham,WR,3000,Car@NO 04:25PM ET,1.8,NO,,,,,5.54,,5.54,5.54,5.54,0.0,0.0,0.0,
311,Glenn Winston,RB,3000,Cin@Cle 01:00PM ET,0.0,Cle,,,,,,,,,,,,,
312,Keshawn Martin,WR,3000,Phi@NE 04:25PM ET,5.825,NE,6.5,,7.65,,9.85,6.514,7.6285,9.85,6.5,3.35,0.439142689,2.2215,7.5
313,Myles White,WR,3000,NYJ@NYG 01:00PM ET,0.986,NYG,,,,,,,,,,,,,1.5
314,B.J. Daniels,WR,3000,Sea@Min 01:00PM ET,0.44,Sea,,,,,,,,,,,,,1.6
315,Jordan Todman,RB,3000,Ind@Pit 08:30PM ET,0.2,Pit,,,3.31,,2.1,1.029,2.146333333,3.31,1.029,2.281,1.062742662,1.163666667,
316,Jarius Wright,WR,3000,Sea@Min 01:00PM ET,4.327,Min,6.0,5.7,4.63,6.9,4.31,6.201,5.6235,6.9,4.31,2.59,0.460567262,1.2765,4.4
317,Brandon Bolden,RB,3000,Phi@NE 04:25PM ET,3.72,NE,3.0,2.9,6.67,3.5,6.65,3.104,4.304,6.67,2.9,3.77,0.875929368,2.366,3.4
318,Ladarius Green,TE,3000,Den@SD 04:05PM ET,10.133,SD,4.5,13.6,5.83,6.3,6.99,3.912,6.855333333,13.6,3.912,9.688,1.413206263,6.744666667,4.1
319,Russell Shepard,WR,3000,Atl@TB 01:00PM ET,1.125,TB,,,,,,,,,,,,,
320,Mohamed Sanu,WR,3000,Cin@Cle 01:00PM ET,6.164,Cin,4.0,12.7,6.9,12.6,6.53,6.357,8.181166667,12.7,4.0,8.7,1.063418013,4.518833333,
321,Vance McDonald,TE,3000,SF@Chi 01:00PM ET,5.1,SF,8.0,,4.91,,8.35,9.03,7.5725,9.03,4.91,4.12,0.544073952,1.4575,3.8
322,Tommy Bohanon,RB,3000,NYJ@NYG 01:00PM ET,0.782,NYJ,,,1.95,,,,1.95,1.95,1.95,0.0,0.0,0.0,
323,Ryan Grant,WR,3000,Dal@Was 08:30PM ET,4.118,Was,,,,1.6,,4.38,2.99,4.38,1.6,2.78,0.929765886,1.39,
324,Rex Burkhead,RB,3000,Cin@Cle 01:00PM ET,1.264,Cin,,,,,1.36,,1.36,1.36,1.36,0.0,0.0,0.0,1.6
325,Benny Cunningham,RB,3000,Ari@StL 01:00PM ET,4.218,StL,4.0,5.3,3.87,4.9,1.54,1.377,3.497833333,5.3,1.377,3.923,1.121551437,1.802166667,
326,Kendall Gaskins,RB,3000,SF@Chi 01:00PM ET,1.575,SF,,2.4,5.31,2.6,,,3.436666667,5.31,2.4,2.91,0.846750727,1.873333333,
327,Nikita Whitlock,RB,3000,NYJ@NYG 01:00PM ET,0.0,NYG,,,,,,,,,,,,,
328,Stepfan Taylor,RB,3000,Ari@StL 01:00PM ET,0.245,Ari,1.5,2.1,3.53,2.4,4.47,1.114,2.519,4.47,1.114,3.356,1.332274712,1.951,2.0
329,Brandon Wegher,RB,3000,Car@NO 04:25PM ET,0.0,Car,,,,,,,,,,,,,
330,Kevin Norwood,WR,3000,Car@NO 04:25PM ET,0.0,Car,,,,,,,,,,,,,
331,Chris Thompson,RB,3000,Dal@Was 08:30PM ET,7.61,Was,7.5,3.0,7.98,3.9,6.74,5.783,5.817166667,7.98,3.0,4.98,0.856086869,2.162833333,6.4
332,Denard Robinson,RB,3000,Jax@Ten 01:00PM ET,2.675,Jax,3.0,6.5,4.26,5.5,4.03,2.625,4.319166667,6.5,2.625,3.875,0.897163805,2.180833333,3.3
333,Fitzgerald Toussaint,RB,3000,Ind@Pit 08:30PM ET,0.0,Pit,,,,,,,,,,,,,1.2
334,Bennie Fowler,WR,3000,Den@SD 04:05PM ET,2.773,Den,3.0,,1.56,,2.67,3.567,2.69925,3.567,1.56,2.007,0.743539872,0.86775,
335,Nick Williams,WR,3000,Atl@TB 01:00PM ET,3.267,Atl,,,,,4.09,3.481,3.7855,4.09,3.481,0.609,0.160877031,0.3045,7.5
336,Devin Street,WR,3000,Dal@Was 08:30PM ET,1.773,Dal,,,,,,5.798,5.798,5.798,5.798,0.0,0.0,0.0,
337,Bernard Pierce,RB,3000,Jax@Ten 01:00PM ET,0.686,Jax,,,,,,,,,,,,,
338,Quincy Enunwa,WR,3000,NYJ@NYG 01:00PM ET,3.786,NYJ,4.0,,4.3,,5.97,,4.756666667,5.97,4.0,1.97,0.414155571,1.213333333,5.7
339,Jay Prosch,RB,3000,Hou@Buf 01:00PM ET,0.282,Hou,,,,,,,,,,,,,
340,Jalston Fowler,RB,3000,Jax@Ten 01:00PM ET,1.9,Ten,,,2.1,,1.93,,2.015,2.1,1.93,0.17,0.084367246,0.085,
341,Kenbrell Thompkins,WR,3000,NYJ@NYG 01:00PM ET,6.6,NYJ,,,2.23,,,,2.23,2.23,2.23,0.0,0.0,0.0,
342,Orleans Darkwa,RB,3000,NYJ@NYG 01:00PM ET,1.555,NYG,,1.5,4.86,1.3,2.4,2.2086,2.45372,4.86,1.3,3.56,1.450858289,2.40628,4.3
343,Roosevelt Nix,RB,3000,Ind@Pit 08:30PM ET,0.327,Pit,,,,,,,,,,,,,
344,Rod Streater,WR,3000,KC@Oak 04:05PM ET,1.8,Oak,,3.0,,2.7,,,2.85,3.0,2.7,0.3,0.105263158,0.15,
345,Marcus Murphy,RB,3000,Car@NO 04:25PM ET,0.455,NO,,,,,,,,,,,,,
346,Andre Williams,RB,3000,NYJ@NYG 01:00PM ET,2.518,NYG,,2.9,4.0,3.3,2.22,3.006,3.0852,4.0,2.22,1.78,0.57694801,0.9148,2.2
347,Rod Smith,RB,3000,Dal@Was 08:30PM ET,0.35,Dal,,,,,,,,,,,,,
348,Joshua Bellamy,WR,3000,SF@Chi 01:00PM ET,2.927,Chi,5.0,,4.77,,3.17,,4.313333333,5.0,3.17,1.83,0.424265842,0.686666667,2.6
349,Neal Sterling,WR,3000,Jax@Ten 01:00PM ET,0.0,Jax,,,,,2.04,,2.04,2.04,2.04,0.0,0.0,0.0,
350,Javontee Herndon,WR,3000,Den@SD 04:05PM ET,3.3,SD,,,3.78,,,,3.78,3.78,3.78,0.0,0.0,0.0,5.0
351,Malcolm Johnson,RB,3000,Cin@Cle 01:00PM ET,0.5,Cle,,,,,,,,,,,,,
352,Jonathan Krause,WR,3000,Phi@NE 04:25PM ET,0.0,Phi,,,,,,,,,,,,,
353,Andrew Turzilli,WR,3000,Jax@Ten 01:00PM ET,0.0,Ten,,,,,,,,,,,,,
354,Juwan Thompson,RB,3000,Den@SD 04:05PM ET,0.39,Den,,,,,,,,,,,,,5.1
355,Brandon Coleman,WR,3000,Car@NO 04:25PM ET,3.845,NO,4.5,12.2,6.11,6.0,9.4,4.332,7.090333333,12.2,4.332,7.868,1.109679846,5.109666667,17.3
356,Albert Wilson,WR,3000,KC@Oak 04:05PM ET,5.889,KC,4.0,1.6,6.95,2.0,7.04,7.236,4.804333333,7.236,1.6,5.636,1.173107611,2.431666667,3.2
357,DeAndrew White,WR,3000,SF@Chi 01:00PM ET,0.95,SF,,,,,,1.021,1.021,1.021,1.021,0.0,0.0,0.0,
358,Kaelin Clay,WR,3000,Bal@Mia 01:00PM ET,3.0,Bal,,,,,,1.106,1.106,1.106,1.106,0.0,0.0,0.0,
359,Matt Hazel,WR,3000,Bal@Mia 01:00PM ET,0.0,Mia,,,,,,,,,,,,,
360,Keith Mumphery,WR,3000,Hou@Buf 01:00PM ET,2.445,Hou,,2.8,,3.7,,2.455,2.985,3.7,2.455,1.245,0.417085427,0.715,
361,Justin Hardy,WR,3000,Atl@TB 01:00PM ET,3.9,Atl,5.0,1.6,,1.8,,2.414,2.7035,5.0,1.6,3.4,1.257628999,2.2965,5.4
362,J.J. Nelson,WR,3000,Ari@StL 01:00PM ET,7.25,Ari,4.0,1.6,3.62,1.8,3.77,,2.958,4.0,1.6,2.4,0.811359026,1.042,11.4
363,Kevin Smith,WR,3000,Sea@Min 01:00PM ET,1.55,Sea,,,,,3.12,1.0636,2.0918,3.12,1.0636,2.0564,0.983076776,1.0282,
364,Andre Holmes,WR,3000,KC@Oak 04:05PM ET,4.273,Oak,4.0,2.6,4.71,2.5,2.94,3.096,3.307666667,4.71,2.5,2.21,0.668144714,1.402333333,1.1
365,Geremy Davis,WR,3000,NYJ@NYG 01:00PM ET,0.41,NYG,,,,,,,,,,,,,
366,Jamize Olawale,RB,3000,KC@Oak 04:05PM ET,3.256,Oak,,,2.79,,3.54,,3.165,3.54,2.79,0.75,0.236966825,0.375,2.7
367,Paul Richardson,WR,3000,Sea@Min 01:00PM ET,5.0,Sea,,1.2,,,,,1.2,1.2,1.2,0.0,0.0,0.0,
368,Cameron Meredith,WR,3000,SF@Chi 01:00PM ET,2.388,Chi,,,3.33,,,,3.33,3.33,3.33,0.0,0.0,0.0,
369,Jerick McKinnon,RB,3000,Sea@Min 01:00PM ET,2.373,Min,2.5,2.3,1.9,3.0,1.97,1.5484,2.203066667,3.0,1.5484,1.4516,0.658899716,0.796933333,5.4
370,Chris Hogan,WR,3000,Hou@Buf 01:00PM ET,7.051,Buf,5.0,2.8,6.7,2.3,5.87,3.621,4.381833333,6.7,2.3,4.4,1.004145905,2.318166667,2.2
371,Corey Brown,WR,3000,Car@NO 04:25PM ET,6.8,Car,,6.5,6.4,12.9,5.1,,7.725,12.9,5.1,7.8,1.009708738,5.175,
372,Jay Ajayi,RB,3000,Bal@Mia 01:00PM ET,6.075,Mia,4.5,2.6,5.59,2.7,8.18,6.005,4.929166667,8.18,2.6,5.58,1.132037194,3.250833333,3.2
373,Chris Conley,WR,3000,KC@Oak 04:05PM ET,3.518,KC,4.0,1.4,2.9,1.9,3.2,3.493,2.8155,4.0,1.4,2.6,0.923459421,1.1845,
374,Quinton Patton,WR,3000,SF@Chi 01:00PM ET,4.682,SF,4.5,,4.0,,4.26,4.423,4.29575,4.5,4.0,0.5,0.11639411,0.20425,
375,Quan Bray,WR,3000,Ind@Pit 08:30PM ET,0.0,Ind,,,,,,,,,,,,,
376,Tre Mason,RB,3000,Ari@StL 01:00PM ET,4.013,StL,1.5,4.1,2.7,4.0,4.27,2.589,3.193166667,4.27,1.5,2.77,0.867477426,1.076833333,4.3
377,Sammie Coates,WR,3000,Ind@Pit 08:30PM ET,0.3,Pit,,1.6,,1.9,,1.414,1.638,1.9,1.414,0.486,0.296703297,0.262,
378,Ka'Deem Carey,RB,3000,SF@Chi 01:00PM ET,1.767,Chi,,2.8,,3.6,,1.357,2.585666667,3.6,1.357,2.243,0.867474539,1.014333333,7.7
379,Tre McBride,WR,3000,Jax@Ten 01:00PM ET,0.0,Ten,,,,,,,,,,,,,
380,Phillip Dorsett,WR,3000,Ind@Pit 08:30PM ET,4.729,Ind,,3.4,,,,,3.4,3.4,3.4,0.0,0.0,0.0,
381,Rashad Ross,WR,3000,Dal@Was 08:30PM ET,2.325,Was,,,,,,,,,,,,,
382,Marqise Lee,WR,3000,Jax@Ten 01:00PM ET,2.52,Jax,7.0,9.2,5.38,8.4,9.11,7.408,7.749666667,9.2,5.38,3.82,0.492924427,1.450333333,3.1
383,Adam Humphries,WR,3000,Atl@TB 01:00PM ET,4.475,TB,5.0,,5.73,,3.81,,4.846666667,5.73,3.81,1.92,0.396148556,0.883333333,
384,Bruce Ellington,WR,3000,SF@Chi 01:00PM ET,1.638,SF,,2.9,3.17,2.4,2.82,,2.8225,3.17,2.4,0.77,0.272807795,0.3475,
385,Tyler Lockett,WR,3000,Sea@Min 01:00PM ET,8.382,Sea,8.0,3.2,8.93,2.6,9.21,3.844,5.964,9.21,2.6,6.61,1.108316566,3.246,16.7
386,Bradley Marquez,WR,3000,Ari@StL 01:00PM ET,1.0,StL,,,3.28,,5.15,,4.215,5.15,3.28,1.87,0.443653618,0.935,4.6
387,Rashad Greene,WR,3000,Jax@Ten 01:00PM ET,6.1,Jax,,,,,6.49,,6.49,6.49,6.49,0.0,0.0,0.0,9.5
388,Akeem Hunt,RB,3000,Hou@Buf 01:00PM ET,1.95,Hou,,,,,1.73,,1.73,1.73,1.73,0.0,0.0,0.0,
389,Raheem Mostert,RB,3000,Bal@Mia 01:00PM ET,0.0,Bal,,,,,,,,,,,,,
390,Chuck Jacobs,WR,3000,Bal@Mia 01:00PM ET,0.0,Bal,,,,,,,,,,,,,
391,Jeremy Butler,WR,3000,Bal@Mia 01:00PM ET,5.767,Bal,,,7.89,,5.84,,6.865,7.89,5.84,2.05,0.298616169,1.025,8.3
392,De'Anthony Thomas,WR,3000,KC@Oak 04:05PM ET,4.54,KC,,13.7,,,,,13.7,13.7,13.7,0.0,0.0,0.0,
393,Bishop Sankey,RB,3000,Jax@Ten 01:00PM ET,4.767,Ten,,1.8,,2.3,,1.931,2.010333333,2.3,1.8,0.5,0.248714973,0.289666667,
394,Cody Latimer,WR,3000,Den@SD 04:05PM ET,1.84,Den,2.5,1.4,5.01,1.8,,,2.6775,5.01,1.4,3.61,1.348272642,2.3325,
395,Brittan Golden,WR,3000,Ari@StL 01:00PM ET,0.0,Ari,,,,,,,,,,,,,
396,Tyrell Williams,WR,3000,Den@SD 04:05PM ET,0.0,SD,,,,,,,,,,,,,
397,Cordarrelle Patterson,WR,3000,Sea@Min 01:00PM ET,0.955,Min,,4.4,,5.2,,,4.8,5.2,4.4,0.8,0.166666667,0.4,
398,Trey Williams,RB,3000,Dal@Was 08:30PM ET,0.0,Dal,,,,,,,,,,,,,
399,Chris Harper,WR,3000,Phi@NE 04:25PM ET,-0.333,NE,,,,,,,,,,,,,
400,Damien Williams,RB,3000,Bal@Mia 01:00PM ET,2.182,Mia,,1.7,,2.3,,,2.0,2.3,1.7,0.6,0.3,0.3,1.6
401,Cameron Artis-Payne,RB,3000,Car@NO 04:25PM ET,0.775,Car,,2.2,,2.9,,,2.55,2.9,2.2,0.7,0.274509804,0.35,
402,Lucky Whitehead,WR,3000,Dal@Was 08:30PM ET,0.86,Dal,,,,,,,,,,,,,5.0
403,Jaelen Strong,WR,3000,Hou@Buf 01:00PM ET,4.16,Hou,,6.4,3.23,7.0,,2.76,4.8475,7.0,2.76,4.24,0.874677669,2.1525,
404,Adam Thielen,WR,3000,Sea@Min 01:00PM ET,2.0,Min,,,,,,,,,,,,,
405,Mario Alford,WR,3000,Cin@Cle 01:00PM ET,0.0,Cin,,,,,,,,,,,,,2.5
406,Taylor Gabriel,WR,3000,Cin@Cle 01:00PM ET,4.93,Cle,,3.6,,,,,3.6,3.6,3.6,0.0,0.0,0.0,
407,Donteea Dye,WR,3000,Atl@TB 01:00PM ET,2.52,TB,,,,,,2.653,2.653,2.653,2.653,0.0,0.0,0.0,
408,Owen Daniels,TE,2900,Den@SD 04:05PM ET,8.2,Den,4.5,11.2,4.93,12.1,6.24,8.122,7.848666667,12.1,4.5,7.6,0.968317336,4.251333333,3.3
409,Rams ,DST,2800,Ari@StL 01:00PM ET,8.909,StL,6.3,6.3,6.3,6.3,6.3,6.3,6.3,6.3,6.3,0.0,0.0,0.0,
410,Steelers ,DST,2800,Ind@Pit 08:30PM ET,7.727,Pit,7.3,7.3,7.3,7.3,7.3,7.3,7.3,7.3,7.3,0.0,0.0,0.0,
411,Jets ,DST,2700,NYJ@NYG 01:00PM ET,7.182,NYJ,7.5,7.5,7.5,7.5,7.5,7.5,7.5,7.5,7.5,0.0,0.0,0.0,
412,Jaguars ,DST,2700,Jax@Ten 01:00PM ET,6.0,Jax,6.4,6.4,6.4,6.4,6.4,6.4,6.4,6.4,6.4,0.0,0.0,8.88e-16,
413,Jared Cook,TE,2700,Ari@StL 01:00PM ET,6.264,StL,8.0,3.8,5.83,3.8,6.95,5.243,5.603833333,8.0,3.8,4.2,0.749486958,2.396166667,5.2
414,Bills ,DST,2600,Hou@Buf 01:00PM ET,6.636,Buf,5.8,5.8,5.8,5.8,5.8,5.8,5.8,5.8,5.8,0.0,0.0,0.0,
415,Bears ,DST,2600,SF@Chi 01:00PM ET,5.364,Chi,10.0,10.0,10.0,10.0,10.0,10.0,10.0,10.0,10.0,0.0,0.0,0.0,
416,Cowboys ,DST,2600,Dal@Was 08:30PM ET,5.545,Dal,4.6,4.6,4.6,4.6,4.6,4.6,4.6,4.6,4.6,0.0,0.0,-8.88e-16,
417,Titans ,DST,2600,Jax@Ten 01:00PM ET,6.727,Ten,8.5,8.5,8.5,8.5,8.5,8.5,8.5,8.5,8.5,0.0,0.0,0.0,
418,Vikings ,DST,2600,Sea@Min 01:00PM ET,7.909,Min,6.5,6.5,6.5,6.5,6.5,6.5,6.5,6.5,6.5,0.0,0.0,0.0,
419,Ravens ,DST,2600,Bal@Mia 01:00PM ET,7.455,Bal,5.7,5.7,5.7,5.7,5.7,5.7,5.7,5.7,5.7,0.0,0.0,0.0,
420,Lance Kendricks,TE,2600,Ari@StL 01:00PM ET,4.71,StL,,2.8,5.45,2.3,4.08,2.699,3.4658,5.45,2.3,3.15,0.908881066,1.9842,
421,Zach Ertz,TE,2600,Phi@NE 04:25PM ET,7.74,Phi,7.5,10.4,6.14,10.5,10.49,6.193,8.537166667,10.5,6.14,4.36,0.51070808,1.962833333,8.9
422,Texans ,DST,2500,Hou@Buf 01:00PM ET,7.636,Hou,7.6,7.6,7.6,7.6,7.6,7.6,7.6,7.6,7.6,0.0,0.0,-8.88e-16,
423,Giants ,DST,2500,NYJ@NYG 01:00PM ET,8.818,NYG,5.0,5.0,5.0,5.0,5.0,5.0,5.0,5.0,5.0,0.0,0.0,0.0,
424,Buccaneers ,DST,2500,Atl@TB 01:00PM ET,8.182,TB,5.9,5.9,5.9,5.9,5.9,5.9,5.9,5.9,5.9,0.0,0.0,8.88e-16,
425,Mike Leach,TE,2500,Ari@StL 01:00PM ET,0.0,Ari,,,,,,,,,,,,,
426,Craig Stevens,TE,2500,Jax@Ten 01:00PM ET,2.155,Ten,,,,,1.95,2.268,2.109,2.268,1.95,0.318,0.150782361,0.159,9.1
427,Marcedes Lewis,TE,2500,Jax@Ten 01:00PM ET,2.1,Jax,,6.0,3.08,5.9,4.35,1.679,4.2018,6.0,1.679,4.321,1.028368794,1.7982,1.7
428,Scott Chandler,TE,2500,Phi@NE 04:25PM ET,5.164,NE,14.5,13.6,11.62,13.6,12.04,7.707,12.17783333,14.5,7.707,6.793,0.557816798,2.322166667,16.1
429,Matt Spaeth,TE,2500,Ind@Pit 08:30PM ET,0.375,Pit,,,,,2.7,1.397,2.0485,2.7,1.397,1.303,0.636075177,0.6515,
430,Clark Harris,TE,2500,Cin@Cle 01:00PM ET,0.0,Cin,,,,,,,,,,,,,
431,Anthony Fasano,TE,2500,Jax@Ten 01:00PM ET,5.245,Ten,,4.4,4.22,4.4,4.4,5.02,4.488,5.02,4.22,0.8,0.178253119,0.532,
432,Kellen Davis,TE,2500,NYJ@NYG 01:00PM ET,0.645,NYJ,,,4.32,,1.71,,3.015,4.32,1.71,2.61,0.865671642,1.305,1.8
433,Brandon Myers,TE,2500,Atl@TB 01:00PM ET,2.245,TB,,2.8,2.2,3.2,,3.138,2.8345,3.2,2.2,1.0,0.352795908,0.3655,
434,Darren Fells,TE,2500,Ari@StL 01:00PM ET,5.5,Ari,2.0,2.0,4.92,1.9,3.43,8.196,3.741,8.196,1.9,6.296,1.682972467,4.455,3.2
435,Tony Moeaki,TE,2500,Atl@TB 01:00PM ET,0.3,Atl,,,,,,2.061,2.061,2.061,2.061,0.0,0.0,0.0,
436,Clay Harbor,TE,2500,Jax@Ten 01:00PM ET,2.63,Jax,,6.2,,6.0,1.04,,4.413333333,6.2,1.04,5.16,1.16918429,1.786666667,
437,Ed Dickson,TE,2500,Car@NO 04:25PM ET,2.909,Car,2.0,4.0,4.23,4.3,2.56,2.285,3.229166667,4.3,2.0,2.3,0.712258065,1.070833333,5.7
438,Garrett Graham,TE,2500,Hou@Buf 01:00PM ET,1.625,Hou,,4.6,,5.9,,,5.25,5.9,4.6,1.3,0.247619048,0.65,
439,Andrew DePaola,TE,2500,Atl@TB 01:00PM ET,0.0,TB,,,,,,,,,,,,,
440,Jim Dray,TE,2500,Cin@Cle 01:00PM ET,0.845,Cle,,,4.47,,,1.097,2.7835,4.47,1.097,3.373,1.211783726,1.6865,
441,Virgil Green,TE,2500,Den@SD 04:05PM ET,2.536,Den,,5.0,3.72,5.0,,1.09,3.7025,5.0,1.09,3.91,1.056043214,1.2975,3.2
442,John Phillips,TE,2500,Den@SD 04:05PM ET,1.745,SD,,,,,,,,,,,,,1.8
443,Richard Gordon,TE,2500,Den@SD 04:05PM ET,0.0,Den,,,,,,,,,,,,,
444,Kyle Nelson,TE,2500,SF@Chi 01:00PM ET,0.0,SF,,,,,,,,,,,,,
445,Matthew Mulligan,TE,2500,Hou@Buf 01:00PM ET,0.109,Buf,,,,,,,,,,,,,
446,Jermaine Gresham,TE,2500,Ari@StL 01:00PM ET,3.336,Ari,4.0,3.8,3.53,3.8,4.91,4.11,4.025,4.91,3.53,1.38,0.342857143,0.885,2.3
447,Jeff Cumberland,TE,2500,NYJ@NYG 01:00PM ET,1.27,NYJ,1.5,4.0,,4.6,,1.892,2.998,4.6,1.5,3.1,1.034022682,1.602,
448,Michael Hoomanawanui,TE,2500,Car@NO 04:25PM ET,2.511,NO,,,,,2.47,1.581,2.0255,2.47,1.581,0.889,0.438903974,0.4445,2.9
449,Lee Smith,TE,2500,KC@Oak 04:05PM ET,1.48,Oak,,,3.72,,1.86,,2.79,3.72,1.86,1.86,0.666666667,0.93,7.5
450,Luke Stocker,TE,2500,Atl@TB 01:00PM ET,0.578,TB,,,,,,,,,,,,,1.4
451,Jordan Cameron,TE,2500,Bal@Mia 01:00PM ET,6.109,Mia,7.5,10.6,6.43,10.5,7.97,6.686,8.281,10.6,6.43,4.17,0.503562372,2.319,1.4
452,Rhett Ellison,TE,2500,Sea@Min 01:00PM ET,2.35,Min,,,4.45,,2.06,2.937,3.149,4.45,2.06,2.39,0.758971102,1.301,
453,Patrick Scales,TE,2500,SF@Chi 01:00PM ET,0.0,Chi,,,,,,,,,,,,,
454,Larry Donnell,TE,2500,NYJ@NYG 01:00PM ET,7.913,NYG,,,,,,,,,,,,,
455,Garrett Celek,TE,2500,SF@Chi 01:00PM ET,5.055,SF,,2.8,,,,,2.8,2.8,2.8,0.0,0.0,0.0,
456,James Hanna,TE,2500,Dal@Was 08:30PM ET,0.478,Dal,,,,,,,,,,,,,2.1
457,Jake Stoneburner,TE,2500,Bal@Mia 01:00PM ET,3.617,Mia,,1.2,7.51,1.7,,1.052,2.8655,7.51,1.052,6.458,2.253707904,4.6445,
458,Mychal Rivera,TE,2500,KC@Oak 04:05PM ET,3.691,Oak,4.5,10.8,4.63,5.8,4.84,5.195,5.960833333,10.8,4.5,6.3,1.056899203,4.839166667,3.3
459,Cory Harkey,TE,2500,Ari@StL 01:00PM ET,0.364,StL,,,,,,,,,,,,,1.4
460,Beau Brinkley,TE,2500,Jax@Ten 01:00PM ET,0.0,Ten,,,,,,,,,,,,,
461,Dwayne Allen,TE,2500,Ind@Pit 08:30PM ET,3.122,Ind,2.5,11.2,5.89,11.9,5.4,1.891,6.4635,11.9,1.891,10.009,1.548541812,5.4365,1.6
462,Kevin McDermott,TE,2500,Sea@Min 01:00PM ET,0.0,Min,,,,,,,,,,,,,
463,Ryan Griffin,TE,2500,Hou@Buf 01:00PM ET,7.3,Hou,6.0,3.4,4.47,4.1,6.64,3.172,4.630333333,6.64,3.172,3.468,0.748974156,2.009666667,11.9
464,Michael Williams,TE,2500,Phi@NE 04:25PM ET,0.39,NE,,,,,2.1,,2.1,2.1,2.1,0.0,0.0,0.0,
465,Chris Gragg,TE,2500,Hou@Buf 01:00PM ET,2.3,Buf,,3.2,,3.4,,2.197,2.932333333,3.4,2.197,1.203,0.410253496,0.467666667,
466,Luke Willson,TE,2500,Sea@Min 01:00PM ET,3.32,Sea,6.5,2.6,7.46,2.3,6.69,5.171,5.120166667,7.46,2.3,5.16,1.007779695,2.339833333,5.6
467,Josh Hill,TE,2500,Car@NO 04:25PM ET,2.791,NO,,1.4,6.67,1.6,3.7,1.569,2.9878,6.67,1.4,5.27,1.763839614,3.6822,3.1
468,James Winchester,TE,2500,KC@Oak 04:05PM ET,0.0,KC,,,,,,,,,,,,,
469,Jack Doyle,TE,2500,Ind@Pit 08:30PM ET,1.927,Ind,,,,,1.08,,1.08,1.08,1.08,0.0,0.0,0.0,
470,Ryan Hewitt,TE,2500,Cin@Cle 01:00PM ET,1.127,Cin,,,2.54,,2.61,,2.575,2.61,2.54,0.07,0.027184466,0.035,
471,Levine Toilolo,TE,2500,Atl@TB 01:00PM ET,1.055,Atl,,4.8,5.57,5.2,,1.885,4.36375,5.57,1.885,3.685,0.844457176,1.20625,
472,Gabe Holmes,TE,2500,KC@Oak 04:05PM ET,0.0,Oak,,,,,,,,,,,,,
473,Gavin Escobar,TE,2500,Dal@Was 08:30PM ET,1.764,Dal,2.0,10.8,3.88,10.3,2.1,1.651,5.121833333,10.8,1.651,9.149,1.786274446,5.678166667,
474,Dion Sims,TE,2500,Bal@Mia 01:00PM ET,2.525,Mia,,1.6,4.75,1.8,2.08,2.356,2.5172,4.75,1.6,3.15,1.251390434,2.2328,1.4
475,Jerome Cunningham,TE,2500,NYJ@NYG 01:00PM ET,2.025,NYG,,,,,3.18,,3.18,3.18,3.18,0.0,0.0,0.0,
476,Nic Jacobs,TE,2500,Jax@Ten 01:00PM ET,0.16,Jax,,,,,,,,,,,,,
477,Brandon Williams,TE,2500,Bal@Mia 01:00PM ET,0.0,Mia,,,,,,,,,,,,,
478,Cooper Helfet,TE,2500,Sea@Min 01:00PM ET,0.189,Sea,,,,,2.37,,2.37,2.37,2.37,0.0,0.0,0.0,2.3
479,Trey Burton,TE,2500,Phi@NE 04:25PM ET,0.627,Phi,,,,,,,,,,,,,
480,Blake Bell,TE,2500,SF@Chi 01:00PM ET,1.6,SF,,,3.34,,3.57,,3.455,3.57,3.34,0.23,0.066570188,0.115,
481,Je'Ron Hamm,TE,2500,Dal@Was 08:30PM ET,0.0,Was,,,,,,,,,,,,,
482,MyCole Pruitt,TE,2500,Sea@Min 01:00PM ET,1.082,Min,,,,1.6,1.22,,1.41,1.6,1.22,0.38,0.269503546,0.19,
483,Cameron Brate,TE,2500,Atl@TB 01:00PM ET,5.6,TB,4.5,,4.3,,,3.77,4.19,4.5,3.77,0.73,0.174224344,0.31,3.2
484,Will Tye,TE,2500,NYJ@NYG 01:00PM ET,5.325,NYG,6.0,,,,9.53,7.454,7.661333333,9.53,6.0,3.53,0.460755308,1.868666667,10.0
485,Chase Ford,TE,2500,Bal@Mia 01:00PM ET,0.0,Bal,,,,,,,,,,,,,
486,Clive Walford,TE,2500,KC@Oak 04:05PM ET,4.191,Oak,4.0,1.2,4.32,1.6,4.41,3.022,3.092,4.41,1.2,3.21,1.038163001,1.318,10.3
487,C.J. Fiedorowicz,TE,2500,Hou@Buf 01:00PM ET,2.9,Hou,,2.2,3.59,2.3,1.85,4.628,2.9136,4.628,1.85,2.778,0.953459638,1.7144,1.8
488,Asante Cleveland,TE,2500,Phi@NE 04:25PM ET,1.1,NE,,,2.7,,4.22,,3.46,4.22,2.7,1.52,0.439306358,0.76,
489,Brian Parker,TE,2500,KC@Oak 04:05PM ET,0.4,KC,,,,,,,,,,,,,
490,Scott Simonson,TE,2500,Car@NO 04:25PM ET,0.0,Car,,,,,,,,,,,,,
491,Tyler Kroft,TE,2500,Cin@Cle 01:00PM ET,0.127,Cin,4.5,1.2,7.17,1.7,6.53,5.856,4.492666667,7.17,1.2,5.97,1.328832171,2.677333333,2.7
492,C.J. Uzomah,TE,2500,Cin@Cle 01:00PM ET,0.0,Cin,,,,,1.42,,1.42,1.42,1.42,0.0,0.0,0.0,
493,Austin Seferian-Jenkins,TE,2500,Atl@TB 01:00PM ET,17.95,TB,2.0,18.6,9.76,16.4,9.84,8.376,10.82933333,18.6,2.0,16.6,1.532873676,7.770666667,6.1
494,Demetrius Harris,TE,2500,KC@Oak 04:05PM ET,0.736,KC,,,,,,,,,,,,,
495,Nick Boyle,TE,2500,Bal@Mia 01:00PM ET,3.08,Bal,,2.4,4.55,2.4,4.49,,3.46,4.55,2.4,2.15,0.621387283,1.09,4.5
496,Troy Niklas,TE,2500,Ari@StL 01:00PM ET,1.591,Ari,,,,,,3.269,3.269,3.269,3.269,0.0,0.0,0.0,
497,Phillip Supernaw,TE,2500,Jax@Ten 01:00PM ET,0.236,Ten,,,,,,,,,,,,,
498,Maxx Williams,TE,2500,Bal@Mia 01:00PM ET,4.18,Bal,,5.8,,,,,5.8,5.8,5.8,0.0,0.0,0.0,
499,Jesse James,TE,2500,Ind@Pit 08:30PM ET,4.767,Pit,6.0,,7.42,,7.53,5.736,6.6715,7.53,5.736,1.794,0.268905044,0.8585,6.0
500,Derek Carrier,TE,2500,Dal@Was 08:30PM ET,3.218,Was,,2.6,4.39,2.2,2.74,3.666,3.1192,4.39,2.2,2.19,0.702103103,1.2708,
501,Geoff Swaim,TE,2500,Dal@Was 08:30PM ET,0.5,Dal,,,,,,,,,,,,,
502,E.J. Bibbs,TE,2500,Cin@Cle 01:00PM ET,0.0,Cle,,,,,,,,,,,,,
503,Khari Lee,TE,2500,SF@Chi 01:00PM ET,0.155,Chi,,,,,,,,,,,,,
504,Browns ,DST,2300,Cin@Cle 01:00PM ET,6.0,Cle,1.7,1.7,1.7,1.7,1.7,1.7,1.7,1.7,1.7,0.0,0.0,0.0,
505,Raiders ,DST,2300,KC@Oak 04:05PM ET,5.818,Oak,3.8,3.8,3.8,3.8,3.8,3.8,3.8,3.8,3.8,0.0,0.0,-4.44e-16,
506,Dolphins ,DST,2300,Bal@Mia 01:00PM ET,5.909,Mia,5.0,5.0,5.0,5.0,5.0,5.0,5.0,5.0,5.0,0.0,0.0,0.0,
507,Eagles ,DST,2300,Phi@NE 04:25PM ET,8.0,Phi,2.3,2.3,2.3,2.3,2.3,2.3,2.3,2.3,2.3,0.0,0.0,-4.44e-16,
508,Chargers ,DST,2300,Den@SD 04:05PM ET,3.909,SD,2.8,2.8,2.8,2.8,2.8,2.8,2.8,2.8,2.8,0.0,0.0,-4.44e-16,
509,Redskins ,DST,2300,Dal@Was 08:30PM ET,7.727,Was,5.2,5.2,5.2,5.2,5.2,5.2,5.2,5.2,5.2,0.0,0.0,0.0,
510,Colts ,DST,2200,Ind@Pit 08:30PM ET,7.091,Ind,4.7,4.7,4.7,4.7,4.7,4.7,4.7,4.7,4.7,0.0,0.0,0.0,
511,49ers ,DST,2100,SF@Chi 01:00PM ET,4.0,SF,3.9,3.9,3.9,3.9,3.9,3.9,3.9,3.9,3.9,0.0,0.0,0.0,
512,Saints ,DST,2000,Car@NO 04:25PM ET,4.727,NO,4.5,4.5,4.5,4.5,4.5,4.5,4.5,4.5,4.5,0.0,0.0,0.0,
